Fichier,Classe,Largeur,Hauteur
IMG0000000_droite.jpg,Sain,2140,2140
IMG0000000_gauche.jpg,Sain,2140,2140
IMG0000001_droite.jpg,Sain,2140,2140
IMG0000001_gauche.jpg,Sain,2140,2140
IMG0000002_droite.jpg,Sain,2140,2140
IMG0000002_gauche.jpg,Sain,2140,2140
IMG0000003_droite.jpg,Sain,2140,2140
IMG0000003_gauche.jpg,Sain,2140,2140
IMG0000004_droite.jpg,Sain,2140,2140
IMG0000004_gauche.jpg,Sain,2140,2140
IMG0000005_droite.jpg,Sain,2140,2140
IMG0000005_gauche.jpg,Sain,2140,2140
IMG0000006_droite.jpg,Sain,2140,2140
IMG0000006_gauche.jpg,Sain,2140,2140
IMG0000007.jpg,Sain,1760,2140
IMG0000008_droite.jpg,Sain,2880,2880
IMG0000008_gauche.jpg,Sain,2880,2880
IMG0000009.jpg,Sain,2304,2880
IMG0000010.jpg,Sain,2304,2880
IMG0000011.jpg,Sain,2880,2304
IMG0000012.jpg,Sain,2304,2880
IMG0000013.jpg,Sain,2304,2880
IMG0000014.jpg,Sain,2304,2880
IMG0000015.jpg,Sain,2880,2304
IMG0000016.jpg,Sain,2304,2880
IMG0000017.jpg,Sain,2304,2880
IMG0000018.jpg,Sain,2304,2880
IMG0000020.jpg,Sain,2304,2880
IMG0000021.jpg,Sain,2304,2880
IMG0000022.jpg,Sain,2304,2880
IMG0000023.jpg,Sain,2304,2880
IMG0000024.jpg,Sain,2304,2880
IMG0000026.jpg,Sain,2304,2880
IMG0000027.jpg,Sain,2304,2880
IMG0000028.jpg,Sain,2304,2880
IMG0000029.jpg,Sain,2304,2880
IMG0000030.jpg,Sain,2304,2880
IMG0000031.jpg,Sain,2304,2880
IMG0000032.jpg,Sain,2304,2880
IMG0000033.jpg,Sain,2304,2880
IMG0000034.jpg,Sain,2304,2880
IMG0000035.jpg,Sain,2304,2880
IMG0000036.jpg,Sain,2304,2880
IMG0000037.jpg,Sain,2304,2880
IMG0000038.jpg,Sain,2304,2880
IMG0000039.jpg,Sain,2304,2880
IMG0000040.jpg,Sain,2304,2880
IMG0000041.jpg,Sain,2304,2880
IMG0000042.jpg,Sain,2304,2880
IMG0000043.jpg,Sain,2304,2880
IMG0000045.jpg,Sain,2880,2304
IMG0000046.jpg,Sain,2880,2304
IMG0000047.jpg,Sain,2304,2880
IMG0000048.jpg,Sain,2304,2880
IMG0000049.jpg,Sain,2880,2304
IMG0000050.jpg,Sain,2880,2304
IMG0000051.jpg,Sain,2304,2880
IMG0000052.jpg,Sain,2304,2880
IMG0000053.jpg,Sain,2304,2880
IMG0000054.jpg,Sain,2304,2880
IMG0000055.jpg,Sain,2304,2880
IMG0000056.jpg,Sain,2304,2880
IMG0000060.jpg,Sain,2304,2880
IMG0000061.jpg,Sain,2304,2880
IMG0000062.jpg,Sain,2304,2880
IMG0000063.jpg,Sain,2304,2880
IMG0000064.jpg,Sain,2304,2880
IMG0000065.jpg,Sain,2304,2880
IMG0000066.jpg,Sain,2304,2880
IMG0000067.jpg,Sain,2304,2880
IMG0000068.jpg,Sain,2304,2880
IMG0000069.jpg,Sain,2304,2880
IMG0000070.jpg,Sain,2304,2880
IMG0000071.jpg,Sain,2304,2880
IMG0000072.jpg,Sain,2304,2880
IMG0000073.jpg,Sain,2304,2880
IMG0000074.jpg,Sain,2304,2880
IMG0000075.jpg,Sain,2304,2880
IMG0000076.jpg,Sain,2304,2880
IMG0000077.jpg,Sain,2304,2880
IMG0000078.jpg,Sain,2304,2880
IMG0000079.jpg,Sain,2304,2880
IMG0000080.jpg,Sain,2304,2880
IMG0000081.jpg,Sain,2304,2880
IMG0000082.jpg,Sain,2304,2880
IMG0000083.jpg,Sain,2304,2880
IMG0000084.jpg,Sain,2304,2880
IMG0000085.jpg,Sain,2304,2880
IMG0000086.jpg,Sain,2304,2880
IMG0000087.jpg,Sain,2304,2880
IMG0000088.jpg,Sain,2880,2304
IMG0000089.jpg,Sain,2304,2880
IMG0000090.jpg,Sain,2304,2880
IMG0000091.jpg,Sain,2304,2880
IMG0000093.jpg,Sain,2304,2880
IMG0000094.jpg,Sain,2304,2880
IMG0000095.jpg,Sain,2304,2880
IMG0000096.jpg,Sain,2304,2880
IMG0000097.jpg,Sain,2304,2880
IMG0000098.jpg,Sain,2304,2880
IMG0000099.jpg,Sain,2304,2880
IMG0000101.jpg,Sain,2304,2880
IMG0000102.jpg,Sain,2304,2880
IMG0000103.jpg,Sain,2304,2880
IMG0000104.jpg,Sain,2304,2880
IMG0000105.jpg,Sain,2304,2880
IMG0000106.jpg,Sain,2304,2880
IMG0000107.jpg,Sain,2304,2880
IMG0000108.jpg,Sain,2304,2880
IMG0000109.jpg,Sain,2304,2880
IMG0000110.jpg,Sain,2304,2880
IMG0000111.jpg,Sain,2304,2880
IMG0000112.jpg,Sain,2304,2880
IMG0000113.jpg,Sain,2304,2880
IMG0000114.jpg,Sain,2304,2880
IMG0000115.jpg,Sain,2304,2880
IMG0000116.jpg,Sain,2304,2880
IMG0000117.jpg,Sain,2304,2880
IMG0000118.jpg,Sain,2304,2880
IMG0000119.jpg,Sain,2304,2880
IMG0000120.jpg,Sain,2304,2880
IMG0000121.jpg,Sain,2304,2880
IMG0000122.jpg,Sain,2304,2880
IMG0000123.jpg,Sain,2304,2880
IMG0000124.jpg,Sain,2304,2880
IMG0000125.jpg,Sain,2304,2880
IMG0000126.jpg,Sain,2304,2880
IMG0000127.jpg,Sain,2304,2880
IMG0000128.jpg,Sain,2304,2880
IMG0000129.jpg,Sain,2304,2880
IMG0000130.jpg,Sain,2304,2880
IMG0000131_droite.jpg,Sain,2880,2880
IMG0000131_gauche.jpg,Sain,2880,2880
IMG0000132.jpg,Sain,2304,2880
IMG0000133.jpg,Sain,2304,2880
IMG0000134.jpg,Sain,2304,2880
IMG0000135.jpg,Sain,2304,2880
IMG0000136.jpg,Sain,2304,2880
IMG0000137.jpg,Sain,2304,2880
IMG0000138.jpg,Sain,2304,2880
IMG0000139.jpg,Sain,2304,2880
IMG0000140.jpg,Sain,2304,2880
IMG0000141.jpg,Sain,2304,2880
IMG0000145.jpg,Sain,2304,2880
IMG0000146.jpg,Sain,2304,2880
IMG0000147.jpg,Sain,2304,2880
IMG0000148.jpg,Sain,2304,2880
IMG0000149.jpg,Sain,2304,2880
IMG0000150.jpg,Sain,2304,2880
IMG0000152.jpg,Sain,2304,2880
IMG0000153.jpg,Sain,2304,2880
IMG0000154.jpg,Sain,2304,2880
IMG0000157.jpg,Sain,2880,2304
IMG0000158.jpg,Sain,2880,2304
IMG0000159.jpg,Sain,2304,2880
IMG0000160.jpg,Sain,2304,2880
IMG0000161.jpg,Sain,2304,2880
IMG0000162.jpg,Sain,2304,2880
IMG0000163.jpg,Sain,2880,2304
IMG0000164.jpg,Sain,2880,2304
IMG0000165.jpg,Sain,2880,2304
IMG0000166.jpg,Sain,2880,2304
IMG0000167.jpg,Sain,2304,2880
IMG0000168.jpg,Sain,2304,2880
IMG0000169.jpg,Sain,2304,2880
IMG0000170.jpg,Sain,2304,2880
IMG0000171.jpg,Sain,2304,2880
IMG0000172.jpg,Sain,2304,2880
IMG0000173.jpg,Sain,2304,2880
IMG0000174.jpg,Sain,2304,2880
IMG0000175.jpg,Sain,2304,2880
IMG0000176.jpg,Sain,2304,2880
IMG0000177.jpg,Sain,2304,2880
IMG0000178.jpg,Sain,2304,2880
IMG0000179.jpg,Sain,2304,2880
IMG0000180.jpg,Sain,2304,2880
IMG0000181.jpg,Sain,2304,2880
IMG0000182.jpg,Sain,2304,2880
IMG0000183.jpg,Sain,2304,2880
IMG0000184.jpg,Sain,2304,2880
IMG0000185.jpg,Sain,2304,2880
IMG0000186.jpg,Sain,2304,2880
IMG0000187.jpg,Sain,2304,2880
IMG0000191.jpg,Sain,2304,2880
IMG0000192.jpg,Sain,2304,2880
IMG0000193.jpg,Sain,2304,2880
IMG0000194.jpg,Sain,2304,2880
IMG0000195.jpg,Sain,2304,2880
IMG0000196.jpg,Sain,2304,2880
IMG0000197.jpg,Sain,2880,2304
IMG0000198.jpg,Sain,2304,2880
IMG0000199.jpg,Sain,2880,2304
IMG0000200.jpg,Sain,2304,2880
IMG0000201.jpg,Sain,2304,2880
IMG0000202.jpg,Sain,2304,2880
IMG0000203.jpg,Sain,2304,2880
IMG0000204.jpg,Sain,2304,2880
IMG0000205.jpg,Sain,2304,2880
IMG0000208.jpg,Sain,2304,2880
IMG0000209.jpg,Sain,2304,2880
IMG0000210.jpg,Sain,2304,2880
IMG0000211.jpg,Sain,2304,2880
IMG0000212.jpg,Sain,2304,2880
IMG0000213.jpg,Sain,2304,2880
IMG0000214.jpg,Sain,2880,2304
IMG0000215.jpg,Sain,2880,2304
IMG0000216.jpg,Sain,2304,2880
IMG0000217.jpg,Sain,2304,2880
IMG0000218.jpg,Sain,2304,2880
IMG0000219.jpg,Sain,2304,2880
IMG0000220.jpg,Sain,2304,2880
IMG0000221.jpg,Sain,2304,2880
IMG0000222.jpg,Sain,2304,2880
IMG0000223.jpg,Sain,2304,2880
IMG0000224.jpg,Sain,2304,2880
IMG0000225.jpg,Sain,2304,2880
IMG0000226.jpg,Sain,2304,2880
IMG0000227.jpg,Sain,2304,2880
IMG0000228.jpg,Sain,2304,2880
IMG0000229.jpg,Sain,2304,2880
IMG0000230.jpg,Sain,2304,2880
IMG0000231.jpg,Sain,2304,2880
IMG0000232.jpg,Sain,2304,2880
IMG0000233.jpg,Sain,2304,2880
IMG0000234.jpg,Sain,2304,2880
IMG0000235.jpg,Sain,2880,2304
IMG0000236.jpg,Sain,2304,2880
IMG0000237.jpg,Sain,2880,2304
IMG0000238.jpg,Sain,2304,2880
IMG0000239.jpg,Sain,2304,2880
IMG0000240.jpg,Sain,2304,2880
IMG0000241.jpg,Sain,2304,2880
IMG0000242_droite.jpg,Sain,2880,2880
IMG0000242_gauche.jpg,Sain,2880,2880
IMG0000243.jpg,Sain,2304,2880
IMG0000244.jpg,Sain,2304,2880
IMG0000245.jpg,Sain,2304,2880
IMG0000246.jpg,Sain,2304,2880
IMG0000247.jpg,Sain,2304,2880
IMG0000248.jpg,Sain,2304,2880
IMG0000249.jpg,Sain,2304,2880
IMG0000250.jpg,Sain,2304,2880
IMG0000251.jpg,Sain,2304,2880
IMG0000252.jpg,Sain,2304,2880
IMG0000253.jpg,Sain,2304,2880
IMG0000254.jpg,Sain,2304,2880
IMG0000255.jpg,Sain,2304,2880
IMG0000256.jpg,Sain,2304,2880
IMG0000257.jpg,Sain,2304,2880
IMG0000258.jpg,Sain,2304,2880
IMG0000259_droite.jpg,Sain,2140,2140
IMG0000259_gauche.jpg,Sain,2140,2140
IMG0000260_droite.jpg,Sain,2140,2140
IMG0000260_gauche.jpg,Sain,2140,2140
IMG0000263.jpg,Sain,373,454
IMG0000264_droite.jpg,Sain,454,454
IMG0000264_gauche.jpg,Sain,454,454
IMG0000265_droite.jpg,Sain,454,454
IMG0000265_gauche.jpg,Sain,454,454
IMG0000266_droite.jpg,Sain,373,373
IMG0000266_gauche.jpg,Sain,373,373
IMG0000267_droite.jpg,Sain,373,373
IMG0000267_gauche.jpg,Sain,373,373
IMG0000268_droite.jpg,Sain,373,373
IMG0000268_gauche.jpg,Sain,373,373
IMG0000269_droite.jpg,Sain,454,454
IMG0000269_gauche.jpg,Sain,454,454
IMG0000270_droite.jpg,Sain,454,454
IMG0000270_gauche.jpg,Sain,454,454
IMG0000271_droite.jpg,Sain,454,454
IMG0000271_gauche.jpg,Sain,454,454
IMG0000272_droite.jpg,Sain,454,454
IMG0000272_gauche.jpg,Sain,454,454
IMG0000273_droite.jpg,Sain,454,454
IMG0000273_gauche.jpg,Sain,454,454
IMG0000274_droite.jpg,Sain,454,454
IMG0000274_gauche.jpg,Sain,454,454
IMG0000275.jpg,Sain,373,454
IMG0000276_droite.jpg,Sain,454,454
IMG0000276_gauche.jpg,Sain,454,454
IMG0000277_droite.jpg,Sain,454,454
IMG0000277_gauche.jpg,Sain,454,454
IMG0000278_droite.jpg,Sain,373,373
IMG0000278_gauche.jpg,Sain,373,373
IMG0000279_droite.jpg,Sain,454,454
IMG0000279_gauche.jpg,Sain,454,454
IMG0000280_droite.jpg,Sain,454,454
IMG0000280_gauche.jpg,Sain,454,454
IMG0000281_droite.jpg,Sain,373,373
IMG0000281_gauche.jpg,Sain,373,373
IMG0000282_droite.jpg,Sain,373,373
IMG0000282_gauche.jpg,Sain,373,373
IMG0000283_droite.jpg,Sain,454,454
IMG0000283_gauche.jpg,Sain,454,454
IMG0000285_droite.jpg,Sain,373,373
IMG0000285_gauche.jpg,Sain,373,373
IMG0000286_droite.jpg,Sain,373,373
IMG0000286_gauche.jpg,Sain,373,373
IMG0000287_droite.jpg,Sain,373,373
IMG0000287_gauche.jpg,Sain,373,373
IMG0000288_droite.jpg,Sain,454,454
IMG0000288_gauche.jpg,Sain,454,454
IMG0000289_droite.jpg,Sain,454,454
IMG0000289_gauche.jpg,Sain,454,454
IMG0000290.jpg,Sain,373,454
IMG0000291_droite.jpg,Sain,373,373
IMG0000291_gauche.jpg,Sain,373,373
IMG0000292_droite.jpg,Sain,373,373
IMG0000292_gauche.jpg,Sain,373,373
IMG0000293_droite.jpg,Sain,373,373
IMG0000293_gauche.jpg,Sain,373,373
IMG0000294_droite.jpg,Sain,373,373
IMG0000294_gauche.jpg,Sain,373,373
IMG0000295_droite.jpg,Sain,373,373
IMG0000295_gauche.jpg,Sain,373,373
IMG0000296_droite.jpg,Sain,373,373
IMG0000296_gauche.jpg,Sain,373,373
IMG0000297_droite.jpg,Sain,373,373
IMG0000297_gauche.jpg,Sain,373,373
IMG0000298.jpg,Sain,373,454
IMG0000299_droite.jpg,Sain,454,454
IMG0000299_gauche.jpg,Sain,454,454
IMG0000300_droite.jpg,Sain,454,454
IMG0000300_gauche.jpg,Sain,454,454
IMG0000301_droite.jpg,Sain,454,454
IMG0000301_gauche.jpg,Sain,454,454
IMG0000302_droite.jpg,Sain,454,454
IMG0000302_gauche.jpg,Sain,454,454
IMG0000303_droite.jpg,Sain,454,454
IMG0000303_gauche.jpg,Sain,454,454
IMG0000304_droite.jpg,Sain,454,454
IMG0000304_gauche.jpg,Sain,454,454
IMG0000305_droite.jpg,Sain,454,454
IMG0000305_gauche.jpg,Sain,454,454
IMG0000306_droite.jpg,Sain,454,454
IMG0000306_gauche.jpg,Sain,454,454
IMG0000308_droite.jpg,Sain,454,454
IMG0000308_gauche.jpg,Sain,454,454
IMG0000309_droite.jpg,Sain,454,454
IMG0000309_gauche.jpg,Sain,454,454
IMG0000310_droite.jpg,Sain,454,454
IMG0000310_gauche.jpg,Sain,454,454
IMG0000311_droite.jpg,Sain,454,454
IMG0000311_gauche.jpg,Sain,454,454
IMG0000312_droite.jpg,Sain,454,454
IMG0000312_gauche.jpg,Sain,454,454
IMG0000313.jpg,Sain,373,454
IMG0000314.jpg,Sain,373,454
IMG0000315.jpg,Sain,373,454
IMG0000316.jpg,Sain,454,373
IMG0000317.jpg,Sain,373,454
IMG0000318.jpg,Sain,373,454
IMG0000320.jpg,Sain,454,373
IMG0000321.jpg,Sain,454,373
IMG0000322.jpg,Sain,454,373
IMG0000323.jpg,Sain,454,373
IMG0000324_droite.jpg,Sain,454,454
IMG0000324_gauche.jpg,Sain,454,454
IMG0000325.jpg,Sain,373,454
IMG0000326.jpg,Sain,373,454
IMG0000327_droite.jpg,Sain,373,373
IMG0000327_gauche.jpg,Sain,373,373
IMG0000328.jpg,Sain,454,373
IMG0000329.jpg,Sain,373,454
IMG0000330.jpg,Sain,454,373
IMG0000331.jpg,Sain,373,454
IMG0000332.jpg,Sain,373,454
IMG0000333_droite.jpg,Sain,373,373
IMG0000333_gauche.jpg,Sain,373,373
IMG0000334.jpg,Sain,454,373
IMG0000335.jpg,Sain,454,373
IMG0000336.jpg,Sain,454,373
IMG0000337.jpg,Sain,373,454
IMG0000338.jpg,Sain,454,373
IMG0000339.jpg,Sain,454,373
IMG0000340.jpg,Sain,454,373
IMG0000342.jpg,Sain,373,454
IMG0000343.jpg,Sain,454,373
IMG0000344.jpg,Sain,373,454
IMG0000345_droite.jpg,Sain,373,373
IMG0000345_gauche.jpg,Sain,373,373
IMG0000346.jpg,Sain,373,454
IMG0000347.jpg,Sain,373,454
IMG0000348.jpg,Sain,454,373
IMG0000349.jpg,Sain,373,454
IMG0000350.jpg,Sain,454,373
IMG0000353.jpg,Sain,373,454
IMG0000354.jpg,Sain,373,454
IMG0000355.jpg,Sain,373,454
IMG0000356.jpg,Sain,454,373
IMG0000357.jpg,Sain,373,454
IMG0000358.jpg,Sain,373,454
IMG0000359.jpg,Sain,454,373
IMG0000360.jpg,Sain,454,373
IMG0000361.jpg,Sain,373,454
IMG0000362.jpg,Sain,373,454
IMG0000363.jpg,Sain,373,454
IMG0000364.jpg,Sain,373,454
IMG0000365.jpg,Sain,454,373
IMG0000366.jpg,Sain,454,373
IMG0000367.jpg,Sain,373,454
IMG0000368.jpg,Sain,373,454
IMG0000369.jpg,Sain,373,454
IMG0000370.jpg,Sain,373,454
IMG0000371.jpg,Sain,373,454
IMG0000372.jpg,Sain,454,373
IMG0000373.jpg,Sain,454,373
IMG0000374.jpg,Sain,373,454
IMG0000375.jpg,Sain,373,454
IMG0000376.jpg,Sain,373,454
IMG0000377.jpg,Sain,373,454
IMG0000378.jpg,Sain,373,454
IMG0000379.jpg,Sain,454,373
IMG0000380.jpg,Sain,454,373
IMG0000381.jpg,Sain,454,373
IMG0000382.jpg,Sain,454,373
IMG0000383.jpg,Sain,373,454
IMG0000384.jpg,Sain,454,373
IMG0000385.jpg,Sain,454,373
IMG0000386.jpg,Sain,373,454
IMG0000387.jpg,Sain,454,373
IMG0000388.jpg,Sain,373,454
IMG0000389.jpg,Sain,373,454
IMG0000390.jpg,Sain,373,454
IMG0000391.jpg,Sain,373,454
IMG0000392.jpg,Sain,454,373
IMG0000393_droite.jpg,Sain,454,454
IMG0000393_gauche.jpg,Sain,454,454
IMG0000394_droite.jpg,Sain,373,373
IMG0000394_gauche.jpg,Sain,373,373
IMG0000395.jpg,Sain,454,373
IMG0000396_droite.jpg,Sain,373,373
IMG0000396_gauche.jpg,Sain,373,373
IMG0000397_droite.jpg,Sain,454,454
IMG0000397_gauche.jpg,Sain,454,454
IMG0000398_droite.jpg,Sain,373,373
IMG0000398_gauche.jpg,Sain,373,373
IMG0000399.jpg,Sain,454,373
IMG0000400.jpg,Sain,373,454
IMG0000401.jpg,Sain,373,454
IMG0000402.jpg,Sain,373,454
IMG0000403.jpg,Sain,373,454
IMG0000404.jpg,Sain,373,454
IMG0000405.jpg,Sain,454,373
IMG0000406.jpg,Sain,454,373
IMG0000407.jpg,Sain,454,373
IMG0000408.jpg,Sain,454,373
IMG0000409_droite.jpg,Sain,373,373
IMG0000409_gauche.jpg,Sain,373,373
IMG0000410.jpg,Sain,454,373
IMG0000411_droite.jpg,Sain,454,454
IMG0000411_gauche.jpg,Sain,454,454
IMG0000412.jpg,Sain,454,373
IMG0000413_droite.jpg,Sain,373,373
IMG0000413_gauche.jpg,Sain,373,373
IMG0000414.jpg,Sain,373,454
IMG0000415.jpg,Sain,373,454
IMG0000416.jpg,Sain,373,454
IMG0000417.jpg,Sain,373,454
IMG0000418.jpg,Sain,373,454
IMG0000419.jpg,Sain,454,373
IMG0000420.jpg,Sain,454,373
IMG0000421.jpg,Sain,454,373
IMG0000422.jpg,Sain,373,454
IMG0000423.jpg,Sain,454,373
IMG0000424.jpg,Sain,373,454
IMG0000425.jpg,Sain,454,373
IMG0000426.jpg,Sain,373,454
IMG0000427.jpg,Sain,454,373
IMG0000428.jpg,Sain,373,454
IMG0000429.jpg,Sain,373,454
IMG0000430.jpg,Sain,454,373
IMG0000431.jpg,Sain,373,454
IMG0000432.jpg,Sain,373,454
IMG0000433.jpg,Sain,373,454
IMG0000434.jpg,Sain,373,454
IMG0000435.jpg,Sain,373,454
IMG0000436.jpg,Sain,373,454
IMG0000437.jpg,Sain,454,373
IMG0000438_droite.jpg,Sain,454,454
IMG0000438_gauche.jpg,Sain,454,454
IMG0000439.jpg,Sain,454,373
IMG0000440.jpg,Sain,373,454
IMG0000441.jpg,Sain,373,454
IMG0000445.jpg,Sain,373,454
IMG0000446.jpg,Sain,454,373
IMG0000447.jpg,Sain,373,454
IMG0000448.jpg,Sain,373,454
IMG0000449.jpg,Sain,373,454
IMG0000450.jpg,Sain,373,454
IMG0000451.jpg,Sain,373,454
IMG0000452.jpg,Sain,373,454
IMG0000457.jpg,Sain,373,454
IMG0000458.jpg,Sain,373,454
IMG0000459_droite.jpg,Sain,373,373
IMG0000459_gauche.jpg,Sain,373,373
IMG0000460.jpg,Sain,454,373
IMG0000461.jpg,Sain,454,373
IMG0000462.jpg,Sain,454,373
IMG0000463.jpg,Sain,454,373
IMG0000464.jpg,Sain,454,373
IMG0000465_droite.jpg,Sain,373,373
IMG0000465_gauche.jpg,Sain,373,373
IMG0000473.jpg,Sain,373,454
IMG0000474.jpg,Sain,454,373
IMG0000475.jpg,Sain,373,454
IMG0000476.jpg,Sain,373,454
IMG0000477.jpg,Sain,454,373
IMG0000478.jpg,Sain,454,373
IMG0000481.jpg,Sain,373,454
IMG0000482.jpg,Sain,454,373
IMG0000483.jpg,Sain,454,373
IMG0000484.jpg,Sain,454,373
IMG0000485.jpg,Sain,454,373
IMG0000488.jpg,Sain,373,454
IMG0000489.jpg,Sain,454,373
IMG0000490.jpg,Sain,373,454
IMG0000491.jpg,Sain,454,373
IMG0000492.jpg,Sain,454,373
IMG0000493.jpg,Sain,454,373
IMG0000494_droite.jpg,Sain,454,454
IMG0000494_gauche.jpg,Sain,454,454
IMG0000495.jpg,Sain,373,454
IMG0000496.jpg,Sain,454,373
IMG0000497.jpg,Sain,373,454
IMG0000498.jpg,Sain,454,373
IMG0000499.jpg,Sain,373,454
IMG0000500.jpg,Sain,373,454
IMG0000502.jpg,Sain,454,373
IMG0000503.jpg,Sain,373,454
IMG0000504.jpg,Sain,454,373
IMG0000505.jpg,Sain,373,454
IMG0000506.jpg,Sain,373,454
IMG0000507.jpg,Sain,373,454
IMG0000508.jpg,Sain,454,373
IMG0000509.jpg,Sain,373,454
IMG0000510.jpg,Sain,373,454
IMG0000511.jpg,Sain,454,373
IMG0000512.jpg,Sain,454,373
IMG0000513.jpg,Sain,454,310
IMG0000514.jpg,Sain,454,373
IMG0000515.jpg,Sain,454,373
IMG0000516.jpg,Sain,373,454
IMG0000517.jpg,Sain,454,373
IMG0000518.jpg,Sain,373,454
IMG0000519.jpg,Sain,454,373
IMG0000520.jpg,Sain,454,373
IMG0000521.jpg,Sain,454,373
IMG0000522.jpg,Sain,454,373
IMG0000523.jpg,Sain,454,373
IMG0000524.jpg,Sain,454,373
IMG0000525.jpg,Sain,373,454
IMG0000526.jpg,Sain,373,454
IMG0000527.jpg,Sain,373,454
IMG0000528.jpg,Sain,454,373
IMG0000529.jpg,Sain,373,454
IMG0000530.jpg,Sain,373,454
IMG0000531.jpg,Sain,373,454
IMG0000532.jpg,Sain,373,454
IMG0000533.jpg,Sain,373,454
IMG0000534.jpg,Sain,373,454
IMG0000535.jpg,Sain,373,454
IMG0000536.jpg,Sain,454,373
IMG0000537.jpg,Sain,373,454
IMG0000538.jpg,Sain,373,454
IMG0000539.jpg,Sain,373,454
IMG0000540.jpg,Sain,454,373
IMG0000541_droite.jpg,Sain,454,454
IMG0000541_gauche.jpg,Sain,454,454
IMG0000542.jpg,Sain,373,454
IMG0000543.jpg,Sain,454,373
IMG0000544.jpg,Sain,373,454
IMG0000545.jpg,Sain,454,373
IMG0000546.jpg,Sain,454,373
IMG0000547.jpg,Sain,373,454
IMG0000548.jpg,Sain,373,454
IMG0000549.jpg,Sain,373,454
IMG0000550.jpg,Sain,454,373
IMG0000551.jpg,Sain,454,373
IMG0000552_droite.jpg,Sain,454,454
IMG0000552_gauche.jpg,Sain,454,454
IMG0000553.jpg,Sain,373,454
IMG0000554.jpg,Sain,454,373
IMG0000555.jpg,Sain,373,454
IMG0000556.jpg,Sain,373,454
IMG0000557.jpg,Sain,373,454
IMG0000558.jpg,Sain,454,373
IMG0000559.jpg,Sain,454,373
IMG0000560.jpg,Sain,454,373
IMG0000561.jpg,Sain,454,373
IMG0000562.jpg,Sain,454,373
IMG0000563.jpg,Sain,454,373
IMG0000564.jpg,Sain,454,373
IMG0000565.jpg,Sain,454,373
IMG0000566.jpg,Sain,454,373
IMG0000567.jpg,Sain,454,373
IMG0000568.jpg,Sain,454,373
IMG0000569.jpg,Sain,373,454
IMG0000570.jpg,Sain,454,373
IMG0000571.jpg,Sain,454,373
IMG0000572.jpg,Sain,373,454
IMG0000573.jpg,Sain,373,454
IMG0000574.jpg,Sain,454,373
IMG0000575_droite.jpg,Sain,373,373
IMG0000575_gauche.jpg,Sain,373,373
IMG0000576.jpg,Sain,454,373
IMG0000577.jpg,Sain,454,373
IMG0000578.jpg,Sain,373,454
IMG0000579.jpg,Sain,373,454
IMG0000580.jpg,Sain,454,373
IMG0000581.jpg,Sain,454,373
IMG0000582.jpg,Sain,454,373
IMG0000583.jpg,Sain,373,454
IMG0000584.jpg,Sain,454,373
IMG0000585.jpg,Sain,373,454
IMG0000586.jpg,Sain,454,373
IMG0000587.jpg,Sain,373,454
IMG0000588.jpg,Sain,373,454
IMG0000589.jpg,Sain,454,373
IMG0000590.jpg,Sain,454,373
IMG0000591.jpg,Sain,373,454
IMG0000592.jpg,Sain,454,373
IMG0000593.jpg,Sain,373,454
IMG0000594.jpg,Sain,454,373
IMG0000595.jpg,Sain,373,454
IMG0000596.jpg,Sain,454,373
IMG0000597.jpg,Sain,373,454
IMG0000598.jpg,Sain,373,454
IMG0000601.jpg,Sain,373,454
IMG0000602.jpg,Sain,373,454
IMG0000603.jpg,Sain,373,454
IMG0000604.jpg,Sain,373,454
IMG0000605.jpg,Sain,373,454
IMG0000606.jpg,Sain,373,454
IMG0000607.jpg,Sain,373,454
IMG0000608.jpg,Sain,373,454
IMG0000610.jpg,Sain,373,454
IMG0000611.jpg,Sain,454,373
IMG0000612.jpg,Sain,373,454
IMG0000613.jpg,Sain,373,454
IMG0000614.jpg,Sain,373,454
IMG0000615.jpg,Sain,454,373
IMG0000616.jpg,Sain,373,454
IMG0000617.jpg,Sain,373,454
IMG0000618.jpg,Sain,373,454
IMG0000619.jpg,Sain,454,373
IMG0000620.jpg,Sain,373,454
IMG0000621.jpg,Sain,373,454
IMG0000622_droite.jpg,Sain,454,454
IMG0000622_gauche.jpg,Sain,454,454
IMG0000623.jpg,Sain,373,454
IMG0000624.jpg,Sain,373,454
IMG0000625.jpg,Sain,454,373
IMG0000626.jpg,Sain,454,373
IMG0000627.jpg,Sain,373,454
IMG0000628.jpg,Sain,454,373
IMG0000629.jpg,Sain,454,373
IMG0000630.jpg,Sain,454,373
IMG0000631_droite.jpg,Sain,373,373
IMG0000631_gauche.jpg,Sain,373,373
IMG0000632.jpg,Sain,373,454
IMG0000633.jpg,Sain,454,373
IMG0000634_droite.jpg,Sain,373,373
IMG0000634_gauche.jpg,Sain,373,373
IMG0000635.jpg,Sain,373,454
IMG0000636.jpg,Sain,454,373
IMG0000637.jpg,Sain,373,454
IMG0000638.jpg,Sain,373,454
IMG0000639_droite.jpg,Sain,454,454
IMG0000639_gauche.jpg,Sain,454,454
IMG0000640.jpg,Sain,454,373
IMG0000641.jpg,Sain,454,373
IMG0000642.jpg,Sain,373,454
IMG0000643.jpg,Sain,373,454
IMG0000644.jpg,Sain,373,454
IMG0000645.jpg,Sain,373,454
IMG0000646.jpg,Sain,373,454
IMG0000647.jpg,Sain,373,454
IMG0000648.jpg,Sain,373,454
IMG0000649.jpg,Sain,454,373
IMG0000650.jpg,Sain,373,454
IMG0000651.jpg,Sain,373,454
IMG0000652.jpg,Sain,454,373
IMG0000653.jpg,Sain,373,454
IMG0000654.jpg,Sain,373,454
IMG0000655.jpg,Sain,454,373
IMG0000656_droite.jpg,Sain,373,373
IMG0000656_gauche.jpg,Sain,373,373
IMG0000657.jpg,Sain,454,373
IMG0000658_droite.jpg,Sain,454,454
IMG0000658_gauche.jpg,Sain,454,454
IMG0000659.jpg,Sain,373,454
IMG0000660.jpg,Sain,373,454
IMG0000661.jpg,Sain,373,454
IMG0000662.jpg,Sain,454,373
IMG0000663.jpg,Sain,373,454
IMG0000664.jpg,Sain,373,454
IMG0000665.jpg,Sain,454,373
IMG0000666.jpg,Sain,373,454
IMG0000667.jpg,Sain,373,454
IMG0000668.jpg,Sain,454,373
IMG0000669.jpg,Sain,373,454
IMG0000670.jpg,Sain,373,454
IMG0000672.jpg,Sain,454,373
IMG0000673.jpg,Sain,373,454
IMG0000674.jpg,Sain,373,454
IMG0000675.jpg,Sain,373,454
IMG0000676.jpg,Sain,373,454
IMG0000677.jpg,Sain,373,454
IMG0000678.jpg,Sain,373,454
IMG0000679.jpg,Sain,373,454
IMG0000680.jpg,Sain,373,454
IMG0000681.jpg,Sain,454,373
IMG0000682.jpg,Sain,373,454
IMG0000683.jpg,Sain,373,454
IMG0000684.jpg,Sain,373,454
IMG0000685.jpg,Sain,373,454
IMG0000686.jpg,Sain,373,454
IMG0000687.jpg,Sain,454,373
IMG0000688.jpg,Sain,373,454
IMG0000689.jpg,Sain,454,373
IMG0000690.jpg,Sain,373,454
IMG0000691.jpg,Sain,454,373
IMG0000693.jpg,Sain,373,454
IMG0000694.jpg,Sain,373,454
IMG0000695.jpg,Sain,454,373
IMG0000696.jpg,Sain,454,373
IMG0000697.jpg,Sain,373,454
IMG0000698.jpg,Sain,373,454
IMG0000699.jpg,Sain,373,454
IMG0000700.jpg,Sain,373,454
IMG0000701.jpg,Sain,373,454
IMG0000703.jpg,Sain,373,454
IMG0000704.jpg,Sain,373,454
IMG0000705.jpg,Sain,373,454
IMG0000706.jpg,Sain,373,454
IMG0000707.jpg,Sain,454,373
IMG0000708.jpg,Sain,373,454
IMG0000709.jpg,Sain,454,373
IMG0000710.jpg,Sain,373,454
IMG0000711.jpg,Sain,373,454
IMG0000712_droite.jpg,Sain,454,454
IMG0000712_gauche.jpg,Sain,454,454
IMG0000713.jpg,Sain,373,454
IMG0000714.jpg,Sain,373,454
IMG0000715.jpg,Sain,373,454
IMG0000716.jpg,Sain,373,454
IMG0000717.jpg,Sain,373,454
IMG0000718.jpg,Sain,373,454
IMG0000719.jpg,Sain,373,454
IMG0000720.jpg,Sain,373,454
IMG0000721_droite.jpg,Sain,454,454
IMG0000721_gauche.jpg,Sain,454,454
IMG0000722.jpg,Sain,373,454
IMG0000723.jpg,Sain,454,373
IMG0000724.jpg,Sain,373,454
IMG0000725.jpg,Sain,373,454
IMG0000726.jpg,Sain,373,454
IMG0000727.jpg,Sain,454,373
IMG0000728.jpg,Sain,373,454
IMG0000729.jpg,Sain,373,454
IMG0000730.jpg,Sain,373,454
IMG0000731.jpg,Sain,454,373
IMG0000732.jpg,Sain,373,454
IMG0000733.jpg,Sain,373,454
IMG0000734.jpg,Sain,454,373
IMG0000735.jpg,Sain,373,454
IMG0000736.jpg,Sain,454,373
IMG0000737.jpg,Sain,373,454
IMG0000738.jpg,Sain,373,454
IMG0000739.jpg,Sain,373,454
IMG0000740.jpg,Sain,373,454
IMG0000741.jpg,Sain,373,454
IMG0000742.jpg,Sain,373,454
IMG0000743.jpg,Sain,373,454
IMG0000744.jpg,Sain,373,454
IMG0000745.jpg,Sain,373,454
IMG0000746.jpg,Sain,454,373
IMG0000747.jpg,Sain,373,454
IMG0000748.jpg,Sain,373,454
IMG0000749.jpg,Sain,454,373
IMG0000752.jpg,Sain,373,454
IMG0000753.jpg,Sain,454,373
IMG0000754.jpg,Sain,373,454
IMG0000755.jpg,Sain,373,454
IMG0000756.jpg,Sain,373,454
IMG0000757.jpg,Sain,454,373
IMG0000759.jpg,Sain,454,373
IMG0000760.jpg,Sain,454,373
IMG0000761.jpg,Sain,454,373
IMG0000764.jpg,Sain,373,454
IMG0000765.jpg,Sain,373,454
IMG0000766.jpg,Sain,373,454
IMG0000767.jpg,Sain,373,454
IMG0000768.jpg,Sain,373,454
IMG0000769.jpg,Sain,373,454
IMG0000770.jpg,Sain,373,454
IMG0000771.jpg,Sain,373,454
IMG0000772.jpg,Sain,373,454
IMG0000773.jpg,Sain,454,373
IMG0000774.jpg,Sain,373,454
IMG0000775.jpg,Sain,454,373
IMG0000778.jpg,Sain,454,373
IMG0000779_droite.jpg,Sain,373,373
IMG0000779_gauche.jpg,Sain,373,373
IMG0000780_droite.jpg,Sain,454,454
IMG0000780_gauche.jpg,Sain,454,454
IMG0000781.jpg,Sain,373,454
IMG0000782.jpg,Sain,373,454
IMG0000783.jpg,Sain,454,373
IMG0000784.jpg,Sain,454,373
IMG0000785.jpg,Sain,373,454
IMG0000786.jpg,Sain,373,454
IMG0000787.jpg,Sain,373,454
IMG0000788.jpg,Sain,454,373
IMG0000789.jpg,Sain,373,454
IMG0000790.jpg,Sain,454,373
IMG0000791.jpg,Sain,373,454
IMG0000792.jpg,Sain,373,454
IMG0000793.jpg,Sain,373,454
IMG0000794.jpg,Sain,373,454
IMG0000795.jpg,Sain,373,454
IMG0000796.jpg,Sain,373,454
IMG0000797.jpg,Sain,373,454
IMG0000798.jpg,Sain,373,454
IMG0000799.jpg,Sain,373,454
IMG0000800.jpg,Sain,373,454
IMG0000802.jpg,Sain,454,373
IMG0000803.jpg,Sain,454,373
IMG0000806.jpg,Sain,373,454
IMG0000807.jpg,Sain,454,373
IMG0000808.jpg,Sain,373,454
IMG0000809.jpg,Sain,373,454
IMG0000810.jpg,Sain,373,454
IMG0000811.jpg,Sain,373,454
IMG0000812.jpg,Sain,373,454
IMG0000813.jpg,Sain,373,454
IMG0000814.jpg,Sain,373,454
IMG0000815.jpg,Sain,373,454
IMG0000816.jpg,Sain,373,454
IMG0000817_droite.jpg,Sain,454,454
IMG0000817_gauche.jpg,Sain,454,454
IMG0000818.jpg,Sain,454,373
IMG0000819.jpg,Sain,454,373
IMG0000820.jpg,Sain,373,454
IMG0000821.jpg,Sain,373,454
IMG0000823.jpg,Sain,454,373
IMG0000824.jpg,Sain,454,373
IMG0000825.jpg,Sain,373,454
IMG0000826.jpg,Sain,373,454
IMG0000827.jpg,Sain,454,373
IMG0000828.jpg,Sain,373,454
IMG0000829.jpg,Sain,454,373
IMG0000830.jpg,Sain,373,454
IMG0000831.jpg,Sain,454,373
IMG0000832.jpg,Sain,373,454
IMG0000833.jpg,Sain,373,454
IMG0000834.jpg,Sain,373,454
IMG0000835.jpg,Sain,373,454
IMG0000836.jpg,Sain,373,454
IMG0000837.jpg,Sain,373,454
IMG0000838.jpg,Sain,373,454
IMG0000839.jpg,Sain,373,454
IMG0000840.jpg,Sain,373,454
IMG0000841.jpg,Sain,373,454
IMG0000842.jpg,Sain,373,454
IMG0000843.jpg,Sain,454,373
IMG0000846.jpg,Sain,373,454
IMG0000847.jpg,Sain,373,454
IMG0000848.jpg,Sain,373,454
IMG0000849.jpg,Sain,373,454
IMG0000850.jpg,Sain,454,373
IMG0000853.jpg,Sain,373,454
IMG0000854.jpg,Sain,373,454
IMG0000855.jpg,Sain,454,373
IMG0000856.jpg,Sain,373,454
IMG0000857.jpg,Sain,454,373
IMG0000858.jpg,Sain,373,454
IMG0000859.jpg,Sain,454,373
IMG0000860.jpg,Sain,454,373
IMG0000861.jpg,Sain,454,373
IMG0000862.jpg,Sain,454,373
IMG0000863.jpg,Sain,373,454
IMG0000864.jpg,Sain,373,454
IMG0000865.jpg,Sain,373,454
IMG0000866.jpg,Sain,373,454
IMG0000867.jpg,Sain,373,454
IMG0000868.jpg,Sain,373,454
IMG0000869_droite.jpg,Sain,454,454
IMG0000869_gauche.jpg,Sain,454,454
IMG0000870.jpg,Sain,373,454
IMG0000871.jpg,Sain,373,454
IMG0000872.jpg,Sain,454,373
IMG0000873.jpg,Sain,373,454
IMG0000874.jpg,Sain,373,454
IMG0000875.jpg,Sain,373,454
IMG0000876.jpg,Sain,373,454
IMG0000877.jpg,Sain,454,373
IMG0000878.jpg,Sain,373,454
IMG0000879.jpg,Sain,373,454
IMG0000880.jpg,Sain,454,373
IMG0000881.jpg,Sain,373,454
IMG0000882.jpg,Sain,373,454
IMG0000883.jpg,Sain,373,454
IMG0000884.jpg,Sain,454,373
IMG0000885.jpg,Sain,373,454
IMG0000886.jpg,Sain,454,373
IMG0000887.jpg,Sain,373,454
IMG0000888.jpg,Sain,373,454
IMG0000889.jpg,Sain,373,454
IMG0000890.jpg,Sain,373,454
IMG0000891.jpg,Sain,373,454
IMG0000892.jpg,Sain,373,454
IMG0000893_droite.jpg,Sain,454,454
IMG0000893_gauche.jpg,Sain,454,454
IMG0000894.jpg,Sain,454,373
IMG0000895.jpg,Sain,373,454
IMG0000896.jpg,Sain,454,373
IMG0000897.jpg,Sain,373,454
IMG0000898.jpg,Sain,373,454
IMG0000899.jpg,Sain,373,454
IMG0000900.jpg,Sain,373,454
IMG0000901.jpg,Sain,373,454
IMG0000902.jpg,Sain,373,454
IMG0000903.jpg,Sain,373,454
IMG0000904.jpg,Sain,373,454
IMG0000905.jpg,Sain,373,454
IMG0000906.jpg,Sain,373,454
IMG0000907.jpg,Sain,373,454
IMG0000908.jpg,Sain,454,373
IMG0000909.jpg,Sain,373,454
IMG0000910.jpg,Sain,454,373
IMG0000912.jpg,Sain,373,454
IMG0000913.jpg,Sain,373,454
IMG0000914.jpg,Sain,373,454
IMG0000915.jpg,Sain,373,454
IMG0000916.jpg,Sain,373,454
IMG0000917.jpg,Sain,373,454
IMG0000918.jpg,Sain,454,373
IMG0000919.jpg,Sain,373,454
IMG0000920.jpg,Sain,454,373
IMG0000921.jpg,Sain,373,454
IMG0000922.jpg,Sain,373,454
IMG0000923.jpg,Sain,454,373
IMG0000924.jpg,Sain,373,454
IMG0000925.jpg,Sain,373,454
IMG0000926.jpg,Sain,454,373
IMG0000927.jpg,Sain,454,373
IMG0000928.jpg,Sain,373,454
IMG0000929_droite.jpg,Sain,454,454
IMG0000929_gauche.jpg,Sain,454,454
IMG0000930.jpg,Sain,373,454
IMG0000931.jpg,Sain,373,454
IMG0000932.jpg,Sain,373,454
IMG0000933.jpg,Sain,373,454
IMG0000934_droite.jpg,Sain,373,373
IMG0000934_gauche.jpg,Sain,373,373
IMG0000935.jpg,Sain,373,454
IMG0000936.jpg,Sain,373,454
IMG0000937_droite.jpg,Sain,373,373
IMG0000937_gauche.jpg,Sain,373,373
IMG0000938.jpg,Sain,373,454
IMG0000939.jpg,Sain,373,454
IMG0000940.jpg,Sain,373,454
IMG0000941.jpg,Sain,373,454
IMG0000942_droite.jpg,Sain,373,373
IMG0000942_gauche.jpg,Sain,373,373
IMG0000943.jpg,Sain,454,373
IMG0000944.jpg,Sain,454,373
IMG0000945.jpg,Sain,454,373
IMG0000946.jpg,Sain,373,454
IMG0000947.jpg,Sain,454,373
IMG0000948.jpg,Sain,373,454
IMG0000949.jpg,Sain,373,454
IMG0000950_droite.jpg,Sain,373,373
IMG0000950_gauche.jpg,Sain,373,373
IMG0000951.jpg,Sain,373,454
IMG0000952.jpg,Sain,454,373
IMG0000953.jpg,Sain,373,454
IMG0000954_droite.jpg,Sain,454,454
IMG0000954_gauche.jpg,Sain,454,454
IMG0000955.jpg,Sain,373,454
IMG0000956.jpg,Sain,373,454
IMG0000957.jpg,Sain,454,373
IMG0000958.jpg,Sain,373,454
IMG0000959.jpg,Sain,373,454
IMG0000960.jpg,Sain,373,454
IMG0000961.jpg,Sain,454,373
IMG0000962.jpg,Sain,454,373
IMG0000963.jpg,Sain,373,454
IMG0000964.jpg,Sain,373,454
IMG0000965.jpg,Sain,454,373
IMG0000966.jpg,Sain,373,454
IMG0000967.jpg,Sain,454,373
IMG0000968.jpg,Sain,373,454
IMG0000969.jpg,Sain,373,454
IMG0000970.jpg,Sain,373,454
IMG0000971.jpg,Sain,373,454
IMG0000972.jpg,Sain,454,373
IMG0000973.jpg,Sain,373,454
IMG0000974.jpg,Sain,454,373
IMG0000975.jpg,Sain,373,454
IMG0000976.jpg,Sain,373,454
IMG0000978.jpg,Sain,373,454
IMG0000979.jpg,Sain,373,454
IMG0000980.jpg,Sain,373,454
IMG0000981.jpg,Sain,373,454
IMG0000982.jpg,Sain,373,454
IMG0000983.jpg,Sain,454,373
IMG0000984.jpg,Sain,373,454
IMG0000985.jpg,Sain,373,454
IMG0000986.jpg,Sain,373,454
IMG0000987.jpg,Sain,373,454
IMG0000988.jpg,Sain,373,454
IMG0000989.jpg,Sain,373,454
IMG0000990.jpg,Sain,454,373
IMG0000991.jpg,Sain,373,454
IMG0000992.jpg,Sain,373,454
IMG0000993.jpg,Sain,454,373
IMG0000994.jpg,Sain,373,454
IMG0000995.jpg,Sain,454,373
IMG0000996.jpg,Sain,373,454
IMG0000997.jpg,Sain,373,454
IMG0000998.jpg,Sain,454,373
IMG0000999.jpg,Sain,454,373
IMG0001000.jpg,Sain,454,373
IMG0001001.jpg,Sain,373,454
IMG0001002.jpg,Sain,373,454
IMG0001003.jpg,Sain,373,454
IMG0001004.jpg,Sain,373,454
IMG0001005.jpg,Sain,373,454
IMG0001006.jpg,Sain,454,373
IMG0001009.jpg,Sain,373,454
IMG0001010.jpg,Sain,373,454
IMG0001011.jpg,Sain,373,454
IMG0001012.jpg,Sain,373,454
IMG0001013.jpg,Sain,373,454
IMG0001014.jpg,Sain,373,454
IMG0001015_droite.jpg,Sain,373,373
IMG0001015_gauche.jpg,Sain,373,373
IMG0001016.jpg,Sain,373,454
IMG0001017.jpg,Sain,373,454
IMG0001018_droite.jpg,Sain,373,373
IMG0001018_gauche.jpg,Sain,373,373
IMG0001019.jpg,Sain,373,454
IMG0001020.jpg,Sain,373,454
IMG0001021.jpg,Sain,373,454
IMG0001022.jpg,Sain,373,454
IMG0001023.jpg,Sain,454,373
IMG0001024_droite.jpg,Sain,373,373
IMG0001024_gauche.jpg,Sain,373,373
IMG0001027.jpg,Sain,373,454
IMG0001028.jpg,Sain,454,373
IMG0001029.jpg,Sain,373,454
IMG0001030.jpg,Sain,454,373
IMG0001031_droite.jpg,Sain,373,373
IMG0001031_gauche.jpg,Sain,373,373
IMG0001032.jpg,Sain,454,373
IMG0001033.jpg,Sain,454,373
IMG0001034_droite.jpg,Sain,373,373
IMG0001034_gauche.jpg,Sain,373,373
IMG0001035.jpg,Sain,454,373
IMG0001036_droite.jpg,Sain,373,373
IMG0001036_gauche.jpg,Sain,373,373
IMG0001037.jpg,Sain,373,454
IMG0001038.jpg,Sain,454,373
IMG0001039.jpg,Sain,373,454
IMG0001040.jpg,Sain,373,454
IMG0001042.jpg,Sain,454,373
IMG0001043.jpg,Sain,373,454
IMG0001044.jpg,Sain,373,454
IMG0001045.jpg,Sain,373,454
IMG0001046.jpg,Sain,373,454
IMG0001047.jpg,Sain,373,454
IMG0001048.jpg,Sain,454,373
IMG0001049.jpg,Sain,454,373
IMG0001050.jpg,Sain,373,454
IMG0001051.jpg,Sain,454,373
IMG0001052.jpg,Sain,454,373
IMG0001053.jpg,Sain,373,454
IMG0001054.jpg,Sain,373,454
IMG0001055.jpg,Sain,373,454
IMG0001056.jpg,Sain,373,454
IMG0001057.jpg,Sain,454,373
IMG0001058.jpg,Sain,373,454
IMG0001059.jpg,Sain,373,454
IMG0001060.jpg,Sain,454,373
IMG0001061.jpg,Sain,373,454
IMG0001062_droite.jpg,Sain,454,454
IMG0001062_gauche.jpg,Sain,454,454
IMG0001063.jpg,Sain,454,373
IMG0001064.jpg,Sain,454,373
IMG0001065.jpg,Sain,373,454
IMG0001066.jpg,Sain,373,454
IMG0001067_droite.jpg,Sain,454,454
IMG0001067_gauche.jpg,Sain,454,454
IMG0001068.jpg,Sain,373,454
IMG0001069.jpg,Sain,454,373
IMG0001071.jpg,Sain,373,454
IMG0001072.jpg,Sain,373,454
IMG0001074.jpg,Sain,373,454
IMG0001075.jpg,Sain,373,454
IMG0001076.jpg,Sain,373,454
IMG0001077.jpg,Sain,373,454
IMG0001078.jpg,Sain,454,373
IMG0001079.jpg,Sain,373,454
IMG0001080.jpg,Sain,373,454
IMG0001081.jpg,Sain,454,373
IMG0001082.jpg,Sain,454,373
IMG0001083.jpg,Sain,373,454
IMG0001084.jpg,Sain,373,454
IMG0001085.jpg,Sain,454,373
IMG0001086.jpg,Sain,454,373
IMG0001087.jpg,Sain,454,373
IMG0001088.jpg,Sain,373,454
IMG0001089.jpg,Sain,373,454
IMG0001090.jpg,Sain,454,373
IMG0001091.jpg,Sain,454,373
IMG0001092.jpg,Sain,454,373
IMG0001093.jpg,Sain,454,373
IMG0001094.jpg,Sain,373,454
IMG0001095.jpg,Sain,373,454
IMG0001096.jpg,Sain,373,454
IMG0001097.jpg,Sain,454,373
IMG0001098.jpg,Sain,373,454
IMG0001099.jpg,Sain,454,373
IMG0001100.jpg,Sain,373,454
IMG0001101.jpg,Sain,373,454
IMG0001102.jpg,Sain,373,454
IMG0001103.jpg,Sain,373,454
IMG0001104.jpg,Sain,454,373
IMG0001105.jpg,Sain,454,373
IMG0001106.jpg,Sain,373,454
IMG0001107.jpg,Sain,373,454
IMG0001108.jpg,Sain,454,373
IMG0001109.jpg,Sain,373,454
IMG0001110.jpg,Sain,373,454
IMG0001111.jpg,Sain,373,454
IMG0001112.jpg,Sain,454,373
IMG0001113.jpg,Sain,373,454
IMG0001114.jpg,Sain,454,373
IMG0001115.jpg,Sain,373,454
IMG0001116.jpg,Sain,373,454
IMG0001117_droite.jpg,Sain,454,454
IMG0001117_gauche.jpg,Sain,454,454
IMG0001118.jpg,Sain,454,373
IMG0001119.jpg,Sain,373,454
IMG0001120.jpg,Sain,373,454
IMG0001121.jpg,Sain,373,454
IMG0001122.jpg,Sain,454,373
IMG0001124.jpg,Sain,454,373
IMG0001125.jpg,Sain,454,373
IMG0001126.jpg,Sain,373,454
IMG0001127.jpg,Sain,454,373
IMG0001128.jpg,Sain,373,454
IMG0001129.jpg,Sain,454,373
IMG0001130.jpg,Sain,454,373
IMG0001131.jpg,Sain,454,373
IMG0001132.jpg,Sain,373,454
IMG0001133.jpg,Sain,454,373
IMG0001134.jpg,Sain,373,454
IMG0001135.jpg,Sain,454,373
IMG0001136.jpg,Sain,454,373
IMG0001137.jpg,Sain,454,373
IMG0001138.jpg,Sain,454,373
IMG0001139.jpg,Sain,454,373
IMG0001140.jpg,Sain,373,454
IMG0001141.jpg,Sain,373,454
IMG0001142.jpg,Sain,454,373
IMG0001143.jpg,Sain,373,454
IMG0001144.jpg,Sain,373,454
IMG0001145.jpg,Sain,373,454
IMG0001146.jpg,Sain,454,373
IMG0001149.jpg,Sain,373,454
IMG0001150.jpg,Sain,454,373
IMG0001153.jpg,Sain,373,454
IMG0001154.jpg,Sain,454,373
IMG0001155_droite.jpg,Sain,454,454
IMG0001155_gauche.jpg,Sain,454,454
IMG0001156.jpg,Sain,454,373
IMG0001157.jpg,Sain,454,373
IMG0001158.jpg,Sain,373,454
IMG0001159.jpg,Sain,454,373
IMG0001160.jpg,Sain,454,373
IMG0001161.jpg,Sain,454,373
IMG0001162.jpg,Sain,373,454
IMG0001163.jpg,Sain,373,454
IMG0001164_droite.jpg,Sain,454,454
IMG0001164_gauche.jpg,Sain,454,454
IMG0001165.jpg,Sain,454,373
IMG0001166.jpg,Sain,373,454
IMG0001167.jpg,Sain,373,454
IMG0001168.jpg,Sain,454,373
IMG0001169.jpg,Sain,373,454
IMG0001170.jpg,Sain,454,373
IMG0001171.jpg,Sain,373,454
IMG0001172.jpg,Sain,373,454
IMG0001173.jpg,Sain,373,454
IMG0001174.jpg,Sain,373,454
IMG0001175.jpg,Sain,373,454
IMG0001176.jpg,Sain,454,373
IMG0001177.jpg,Sain,373,454
IMG0001178.jpg,Sain,373,454
IMG0001179.jpg,Sain,373,454
IMG0001180.jpg,Sain,373,454
IMG0001181_droite.jpg,Sain,454,454
IMG0001181_gauche.jpg,Sain,454,454
IMG0001182.jpg,Sain,373,454
IMG0001183.jpg,Sain,454,373
IMG0001184.jpg,Sain,373,454
IMG0001185.jpg,Sain,373,454
IMG0001186_droite.jpg,Sain,373,373
IMG0001186_gauche.jpg,Sain,373,373
IMG0001187.jpg,Sain,373,454
IMG0001188.jpg,Sain,373,454
IMG0001189.jpg,Sain,373,454
IMG0001190.jpg,Sain,373,454
IMG0001193.jpg,Sain,373,454
IMG0001194.jpg,Sain,373,454
IMG0001195.jpg,Sain,373,454
IMG0001196.jpg,Sain,454,373
IMG0001197.jpg,Sain,373,454
IMG0001201.jpg,Sain,373,454
IMG0001202.jpg,Sain,373,454
IMG0001203.jpg,Sain,454,373
IMG0001204.jpg,Sain,373,454
IMG0001205.jpg,Sain,373,454
IMG0001206.jpg,Sain,454,373
IMG0001207.jpg,Sain,454,373
IMG0001208_droite.jpg,Sain,454,454
IMG0001208_gauche.jpg,Sain,454,454
IMG0001209.jpg,Sain,373,454
IMG0001210.jpg,Sain,373,454
IMG0001211.jpg,Sain,373,454
IMG0001212.jpg,Sain,373,454
IMG0001213.jpg,Sain,454,373
IMG0001214.jpg,Sain,373,454
IMG0001215.jpg,Sain,454,373
IMG0001216.jpg,Sain,454,373
IMG0001217.jpg,Sain,373,454
IMG0001218.jpg,Sain,454,373
IMG0001219.jpg,Sain,454,373
IMG0001220.jpg,Sain,454,373
IMG0001221.jpg,Sain,454,373
IMG0001222.jpg,Sain,373,454
IMG0001223.jpg,Sain,373,454
IMG0001224.jpg,Sain,373,454
IMG0001225.jpg,Sain,373,454
IMG0001226.jpg,Sain,454,373
IMG0001227_droite.jpg,Sain,373,373
IMG0001227_gauche.jpg,Sain,373,373
IMG0001228.jpg,Sain,454,373
IMG0001229.jpg,Sain,454,373
IMG0001230.jpg,Sain,454,373
IMG0001231.jpg,Sain,454,373
IMG0001232.jpg,Sain,454,373
IMG0001233.jpg,Sain,454,373
IMG0001234.jpg,Sain,454,373
IMG0001235.jpg,Sain,373,454
IMG0001237.jpg,Sain,373,454
IMG0001238.jpg,Sain,373,454
IMG0001239.jpg,Sain,373,454
IMG0001240.jpg,Sain,454,373
IMG0001241_droite.jpg,Sain,454,454
IMG0001241_gauche.jpg,Sain,454,454
IMG0001242.jpg,Sain,373,454
IMG0001243.jpg,Sain,454,373
IMG0001244.jpg,Sain,454,373
IMG0001245.jpg,Sain,373,454
IMG0001246.jpg,Sain,454,373
IMG0001247.jpg,Sain,454,373
IMG0001248.jpg,Sain,454,373
IMG0001249.jpg,Sain,454,373
IMG0001250.jpg,Sain,373,454
IMG0001251.jpg,Sain,454,373
IMG0001252.jpg,Sain,373,454
IMG0001253.jpg,Sain,373,454
IMG0001254.jpg,Sain,373,454
IMG0001255.jpg,Sain,454,373
IMG0001256.jpg,Sain,454,373
IMG0001257.jpg,Sain,454,373
IMG0001258.jpg,Sain,454,373
IMG0001259_droite.jpg,Sain,454,454
IMG0001259_gauche.jpg,Sain,454,454
IMG0001260.jpg,Sain,373,454
IMG0001261.jpg,Sain,373,454
IMG0001262.jpg,Sain,373,454
IMG0001263.jpg,Sain,373,454
IMG0001264.jpg,Sain,373,454
IMG0001265.jpg,Sain,454,373
IMG0001266_droite.jpg,Sain,373,373
IMG0001266_gauche.jpg,Sain,373,373
IMG0001267_droite.jpg,Sain,373,373
IMG0001267_gauche.jpg,Sain,373,373
IMG0001268.jpg,Sain,373,454
IMG0001269_droite.jpg,Sain,454,454
IMG0001269_gauche.jpg,Sain,454,454
IMG0001270_droite.jpg,Sain,454,454
IMG0001270_gauche.jpg,Sain,454,454
IMG0001271.jpg,Sain,454,373
IMG0001272.jpg,Sain,373,454
IMG0001273.jpg,Sain,373,454
IMG0001274_droite.jpg,Sain,454,454
IMG0001274_gauche.jpg,Sain,454,454
IMG0001275_droite.jpg,Sain,373,373
IMG0001275_gauche.jpg,Sain,373,373
IMG0001276_droite.jpg,Sain,454,454
IMG0001276_gauche.jpg,Sain,454,454
IMG0001277.jpg,Sain,454,373
IMG0001278.jpg,Sain,373,454
IMG0001279.jpg,Sain,454,373
IMG0001280.jpg,Sain,373,454
IMG0001281.jpg,Sain,454,373
IMG0001282.jpg,Sain,373,454
IMG0001283.jpg,Sain,454,373
IMG0001285.jpg,Sain,373,454
IMG0001286.jpg,Sain,454,373
IMG0001287.jpg,Sain,373,454
IMG0001288.jpg,Sain,373,454
IMG0001289.jpg,Sain,373,454
IMG0001290.jpg,Sain,373,454
IMG0001291.jpg,Sain,373,454
IMG0001292.jpg,Sain,373,454
IMG0001293_droite.jpg,Sain,373,373
IMG0001293_gauche.jpg,Sain,373,373
IMG0001294_droite.jpg,Sain,373,373
IMG0001294_gauche.jpg,Sain,373,373
IMG0001295_droite.jpg,Sain,454,454
IMG0001295_gauche.jpg,Sain,454,454
IMG0001296.jpg,Sain,373,454
IMG0001297.jpg,Sain,373,454
IMG0001298.jpg,Sain,373,454
IMG0001299.jpg,Sain,373,454
IMG0001300.jpg,Sain,454,373
IMG0001301_droite.jpg,Sain,373,373
IMG0001301_gauche.jpg,Sain,373,373
IMG0001302_droite.jpg,Sain,373,373
IMG0001302_gauche.jpg,Sain,373,373
IMG0001303.jpg,Sain,373,454
IMG0001304.jpg,Sain,373,454
IMG0001305.jpg,Sain,373,454
IMG0001306.jpg,Sain,454,373
IMG0001307.jpg,Sain,373,454
IMG0001308.jpg,Sain,373,454
IMG0001309.jpg,Sain,373,454
IMG0001310.jpg,Sain,454,373
IMG0001311.jpg,Sain,373,454
IMG0001312.jpg,Sain,373,454
IMG0001313.jpg,Sain,373,454
IMG0001314.jpg,Sain,373,454
IMG0001315.jpg,Sain,454,373
IMG0001316.jpg,Sain,454,373
IMG0001317_droite.jpg,Sain,454,454
IMG0001317_gauche.jpg,Sain,454,454
IMG0001318.jpg,Sain,454,373
IMG0001319.jpg,Sain,373,454
IMG0001320.jpg,Sain,373,454
IMG0001321.jpg,Sain,373,454
IMG0001322_droite.jpg,Sain,454,454
IMG0001322_gauche.jpg,Sain,454,454
IMG0001323.jpg,Sain,373,454
IMG0001324.jpg,Sain,373,454
IMG0001325_droite.jpg,Sain,373,373
IMG0001325_gauche.jpg,Sain,373,373
IMG0001326_droite.jpg,Sain,373,373
IMG0001326_gauche.jpg,Sain,373,373
IMG0001327.jpg,Sain,454,373
IMG0001328.jpg,Sain,454,373
IMG0001329.jpg,Sain,373,454
IMG0001330.jpg,Sain,373,454
IMG0001331_droite.jpg,Sain,373,373
IMG0001331_gauche.jpg,Sain,373,373
IMG0001332.jpg,Sain,373,454
IMG0001333.jpg,Sain,454,373
IMG0001334.jpg,Sain,373,454
IMG0001335.jpg,Sain,373,454
IMG0001336.jpg,Sain,373,454
IMG0001337.jpg,Sain,373,454
IMG0001338.jpg,Sain,373,454
IMG0001339.jpg,Sain,373,454
IMG0001340.jpg,Sain,454,373
IMG0001341.jpg,Sain,454,373
IMG0001342.jpg,Sain,373,454
IMG0001343.jpg,Sain,373,454
IMG0001344.jpg,Sain,373,454
IMG0001345_droite.jpg,Sain,454,454
IMG0001345_gauche.jpg,Sain,454,454
IMG0001346.jpg,Sain,373,454
IMG0001347.jpg,Sain,454,373
IMG0001348.jpg,Sain,454,373
IMG0001349.jpg,Sain,454,373
IMG0001352.jpg,Sain,454,373
IMG0001353.jpg,Sain,454,373
IMG0001354.jpg,Sain,454,373
IMG0001355_droite.jpg,Sain,454,454
IMG0001355_gauche.jpg,Sain,454,454
IMG0001356.jpg,Sain,373,454
IMG0001357.jpg,Sain,373,454
IMG0001358.jpg,Sain,373,454
IMG0001359.jpg,Sain,454,373
IMG0001368.jpg,Sain,373,454
IMG0001369.jpg,Sain,373,454
IMG0001370_droite.jpg,Sain,454,454
IMG0001370_gauche.jpg,Sain,454,454
IMG0001371.jpg,Sain,454,373
IMG0001372.jpg,Sain,454,373
IMG0001373.jpg,Sain,373,454
IMG0001374.jpg,Sain,373,454
IMG0001375.jpg,Sain,373,454
IMG0001376.jpg,Sain,373,454
IMG0001377.jpg,Sain,373,454
IMG0001378_droite.jpg,Sain,454,454
IMG0001378_gauche.jpg,Sain,454,454
IMG0001379.jpg,Sain,373,454
IMG0001384.jpg,Sain,454,373
IMG0001385.jpg,Sain,373,454
IMG0001386.jpg,Sain,373,454
IMG0001387.jpg,Sain,373,454
IMG0001388_droite.jpg,Sain,373,373
IMG0001388_gauche.jpg,Sain,373,373
IMG0001389_droite.jpg,Sain,454,454
IMG0001389_gauche.jpg,Sain,454,454
IMG0001390_droite.jpg,Sain,373,373
IMG0001390_gauche.jpg,Sain,373,373
IMG0001393.jpg,Sain,373,454
IMG0001394.jpg,Sain,373,454
IMG0001395.jpg,Sain,454,373
IMG0001396.jpg,Sain,373,454
IMG0001397.jpg,Sain,373,454
IMG0001398.jpg,Sain,373,454
IMG0001399.jpg,Sain,373,454
IMG0001400.jpg,Sain,454,373
IMG0001401.jpg,Sain,454,373
IMG0001402.jpg,Sain,454,373
IMG0001403.jpg,Sain,373,454
IMG0001404.jpg,Sain,373,454
IMG0001405.jpg,Sain,454,373
IMG0001406.jpg,Sain,454,373
IMG0001407_droite.jpg,Sain,454,454
IMG0001407_gauche.jpg,Sain,454,454
IMG0001408.jpg,Sain,373,454
IMG0001409.jpg,Sain,373,454
IMG0001412.jpg,Sain,454,373
IMG0001413.jpg,Sain,454,373
IMG0001414_droite.jpg,Sain,454,454
IMG0001414_gauche.jpg,Sain,454,454
IMG0001415.jpg,Sain,373,454
IMG0001416.jpg,Sain,373,454
IMG0001417.jpg,Sain,373,454
IMG0001418.jpg,Sain,454,373
IMG0001419.jpg,Sain,373,454
IMG0001420.jpg,Sain,373,454
IMG0001421.jpg,Sain,373,454
IMG0001422.jpg,Sain,373,454
IMG0001423.jpg,Sain,373,454
IMG0001424.jpg,Sain,454,373
IMG0001425.jpg,Sain,373,454
IMG0001426.jpg,Sain,373,454
IMG0001427.jpg,Sain,373,454
IMG0001429.jpg,Sain,373,454
IMG0001430.jpg,Sain,373,454
IMG0001431.jpg,Sain,373,454
IMG0001432.jpg,Sain,454,373
IMG0001433.jpg,Sain,373,454
IMG0001434.jpg,Sain,454,373
IMG0001435_droite.jpg,Sain,454,454
IMG0001435_gauche.jpg,Sain,454,454
IMG0001436.jpg,Sain,373,454
IMG0001437.jpg,Sain,373,454
IMG0001438.jpg,Sain,373,454
IMG0001439.jpg,Sain,373,454
IMG0001442.jpg,Sain,373,454
IMG0001443.jpg,Sain,373,454
IMG0001444.jpg,Sain,454,373
IMG0001445.jpg,Sain,373,454
IMG0001446.jpg,Sain,373,454
IMG0001447.jpg,Sain,454,373
IMG0001449.jpg,Sain,373,454
IMG0001450.jpg,Sain,373,454
IMG0001451.jpg,Sain,373,454
IMG0001452.jpg,Sain,373,454
IMG0001453.jpg,Sain,373,454
IMG0001454.jpg,Sain,373,454
IMG0001455.jpg,Sain,373,454
IMG0001456.jpg,Sain,454,373
IMG0001457.jpg,Sain,373,454
IMG0001458.jpg,Sain,454,373
IMG0001459.jpg,Sain,454,373
IMG0001460.jpg,Sain,373,454
IMG0001461.jpg,Sain,373,454
IMG0001462.jpg,Sain,373,454
IMG0001463.jpg,Sain,454,373
IMG0001464.jpg,Sain,454,373
IMG0001465.jpg,Sain,454,373
IMG0001466_droite.jpg,Sain,373,373
IMG0001466_gauche.jpg,Sain,373,373
IMG0001467_droite.jpg,Sain,454,454
IMG0001467_gauche.jpg,Sain,454,454
IMG0001468.jpg,Sain,373,454
IMG0001469.jpg,Sain,454,373
IMG0001470_droite.jpg,Sain,454,454
IMG0001470_gauche.jpg,Sain,454,454
IMG0001471.jpg,Sain,454,373
IMG0001472.jpg,Sain,373,454
IMG0001473.jpg,Sain,454,373
IMG0001474_droite.jpg,Sain,373,373
IMG0001474_gauche.jpg,Sain,373,373
IMG0001475.jpg,Sain,454,373
IMG0001476.jpg,Sain,454,373
IMG0001477.jpg,Sain,373,454
IMG0001478.jpg,Sain,373,454
IMG0001479.jpg,Sain,373,454
IMG0001480.jpg,Sain,454,373
IMG0001481.jpg,Sain,373,454
IMG0001482.jpg,Sain,454,373
IMG0001483.jpg,Sain,454,373
IMG0001484_droite.jpg,Sain,373,373
IMG0001484_gauche.jpg,Sain,373,373
IMG0001485.jpg,Sain,454,373
IMG0001486.jpg,Sain,454,373
IMG0001487.jpg,Sain,373,454
IMG0001488.jpg,Sain,454,373
IMG0001489.jpg,Sain,454,373
IMG0001490.jpg,Sain,373,454
IMG0001491.jpg,Sain,373,454
IMG0001492.jpg,Sain,373,454
IMG0001493.jpg,Sain,373,454
IMG0001496.jpg,Sain,373,454
IMG0001497.jpg,Sain,373,454
IMG0001498.jpg,Sain,373,454
IMG0001499.jpg,Sain,454,373
IMG0001500.jpg,Sain,373,454
IMG0001501.jpg,Sain,373,454
IMG0001502.jpg,Sain,373,454
IMG0001503.jpg,Sain,454,373
IMG0001504.jpg,Sain,373,454
IMG0001505.jpg,Sain,373,454
IMG0001506.jpg,Sain,373,454
IMG0001507.jpg,Sain,373,454
IMG0001508_droite.jpg,Sain,454,454
IMG0001508_gauche.jpg,Sain,454,454
IMG0001509.jpg,Sain,373,454
IMG0001510.jpg,Sain,373,454
IMG0001511.jpg,Sain,373,454
IMG0001512.jpg,Sain,373,454
IMG0001513.jpg,Sain,373,454
IMG0001514.jpg,Sain,454,373
IMG0001515.jpg,Sain,373,454
IMG0001516.jpg,Sain,454,373
IMG0001517.jpg,Sain,373,454
IMG0001518.jpg,Sain,454,373
IMG0001519_droite.jpg,Sain,454,454
IMG0001519_gauche.jpg,Sain,454,454
IMG0001520.jpg,Sain,373,454
IMG0001521.jpg,Sain,373,454
IMG0001522.jpg,Sain,373,454
IMG0001523.jpg,Sain,373,454
IMG0001524.jpg,Sain,454,373
IMG0001525.jpg,Sain,373,454
IMG0001526.jpg,Sain,373,454
IMG0001527.jpg,Sain,454,373
IMG0001528.jpg,Sain,373,454
IMG0001529.jpg,Sain,373,454
IMG0001530.jpg,Sain,373,454
IMG0001531.jpg,Sain,454,373
IMG0001532.jpg,Sain,454,373
IMG0001533.jpg,Sain,454,373
IMG0001534_droite.jpg,Sain,454,454
IMG0001534_gauche.jpg,Sain,454,454
IMG0001535_droite.jpg,Sain,373,373
IMG0001535_gauche.jpg,Sain,373,373
IMG0001536_droite.jpg,Sain,454,454
IMG0001536_gauche.jpg,Sain,454,454
IMG0001537.jpg,Sain,373,454
IMG0001538.jpg,Sain,373,454
IMG0001539.jpg,Sain,373,454
IMG0001540.jpg,Sain,373,454
IMG0001541.jpg,Sain,373,454
IMG0001542.jpg,Sain,373,454
IMG0001543.jpg,Sain,373,454
IMG0001544.jpg,Sain,454,373
IMG0001545.jpg,Sain,454,373
IMG0001547.jpg,Sain,373,454
IMG0001548.jpg,Sain,373,454
IMG0001549.jpg,Sain,373,454
IMG0001550.jpg,Sain,454,373
IMG0001551.jpg,Sain,454,373
IMG0001552.jpg,Sain,454,373
IMG0001553.jpg,Sain,454,373
IMG0001554.jpg,Sain,454,373
IMG0001555_droite.jpg,Sain,373,373
IMG0001555_gauche.jpg,Sain,373,373
IMG0001556.jpg,Sain,373,454
IMG0001557.jpg,Sain,454,373
IMG0001558.jpg,Sain,373,454
IMG0001559.jpg,Sain,373,454
IMG0001560.jpg,Sain,373,454
IMG0001561.jpg,Sain,373,454
IMG0001562_droite.jpg,Sain,373,373
IMG0001562_gauche.jpg,Sain,373,373
IMG0001563.jpg,Sain,373,454
IMG0001564.jpg,Sain,373,454
IMG0001565.jpg,Sain,454,373
IMG0001566.jpg,Sain,454,373
IMG0001567.jpg,Sain,454,373
IMG0001568_droite.jpg,Sain,454,454
IMG0001568_gauche.jpg,Sain,454,454
IMG0001569_droite.jpg,Sain,373,373
IMG0001569_gauche.jpg,Sain,373,373
IMG0001573.jpg,Sain,373,454
IMG0001574.jpg,Sain,373,454
IMG0001575.jpg,Sain,373,454
IMG0001576.jpg,Sain,373,454
IMG0001579.jpg,Sain,373,454
IMG0001580.jpg,Sain,373,454
IMG0001581.jpg,Sain,373,454
IMG0001582.jpg,Sain,373,454
IMG0001583.jpg,Sain,454,373
IMG0001584.jpg,Sain,373,454
IMG0001585.jpg,Sain,373,454
IMG0001586.jpg,Sain,373,454
IMG0001587.jpg,Sain,373,454
IMG0001588.jpg,Sain,373,454
IMG0001589.jpg,Sain,373,454
IMG0001590.jpg,Sain,373,454
IMG0001591.jpg,Sain,373,454
IMG0001592_droite.jpg,Sain,454,454
IMG0001592_gauche.jpg,Sain,454,454
IMG0001593.jpg,Sain,373,454
IMG0001594.jpg,Sain,373,454
IMG0001595_droite.jpg,Sain,454,454
IMG0001595_gauche.jpg,Sain,454,454
IMG0001596.jpg,Sain,373,454
IMG0001597.jpg,Sain,373,454
IMG0001598.jpg,Sain,373,454
IMG0001599.jpg,Sain,373,454
IMG0001600.jpg,Sain,373,454
IMG0001601.jpg,Sain,373,454
IMG0001602.jpg,Sain,373,454
IMG0001603.jpg,Sain,373,454
IMG0001604.jpg,Sain,373,454
IMG0001605.jpg,Sain,373,454
IMG0001606.jpg,Sain,373,454
IMG0001607.jpg,Sain,373,454
IMG0001608.jpg,Sain,373,454
IMG0001609.jpg,Sain,373,454
IMG0001610.jpg,Sain,373,454
IMG0001611.jpg,Sain,373,454
IMG0001612.jpg,Sain,373,454
IMG0001613.jpg,Sain,373,454
IMG0001614.jpg,Sain,373,454
IMG0001615.jpg,Sain,373,454
IMG0001616.jpg,Sain,373,454
IMG0001617.jpg,Sain,373,454
IMG0001618.jpg,Sain,373,454
IMG0001619.jpg,Sain,373,454
IMG0001620.jpg,Sain,373,454
IMG0001621.jpg,Sain,373,454
IMG0001622.jpg,Sain,454,373
IMG0001623.jpg,Sain,454,373
IMG0001624.jpg,Sain,373,454
IMG0001625.jpg,Sain,373,454
IMG0001626.jpg,Sain,373,454
IMG0001627.jpg,Sain,373,454
IMG0001628.jpg,Sain,454,373
IMG0001629.jpg,Sain,373,454
IMG0001630.jpg,Sain,373,454
IMG0001631.jpg,Sain,373,454
IMG0001632.jpg,Sain,373,454
IMG0001633.jpg,Sain,373,454
IMG0001634.jpg,Sain,373,454
IMG0001635.jpg,Sain,373,454
IMG0001636.jpg,Sain,373,454
IMG0001637.jpg,Sain,373,454
IMG0001638.jpg,Sain,454,373
IMG0001641.jpg,Sain,373,454
IMG0001642.jpg,Sain,454,373
IMG0001643.jpg,Sain,373,454
IMG0001644.jpg,Sain,454,373
IMG0001645.jpg,Sain,373,454
IMG0001646_droite.jpg,Sain,454,454
IMG0001646_gauche.jpg,Sain,454,454
IMG0001647.jpg,Sain,373,454
IMG0001648.jpg,Sain,454,373
IMG0001649.jpg,Sain,373,454
IMG0001650.jpg,Sain,373,454
IMG0001651.jpg,Sain,454,373
IMG0001652.jpg,Sain,373,454
IMG0001653.jpg,Sain,373,454
IMG0001654.jpg,Sain,454,373
IMG0001655.jpg,Sain,454,373
IMG0001656.jpg,Sain,373,454
IMG0001657.jpg,Sain,454,373
IMG0001658.jpg,Sain,373,454
IMG0001659.jpg,Sain,373,454
IMG0001660.jpg,Sain,373,454
IMG0001661.jpg,Sain,373,454
IMG0001662.jpg,Sain,373,454
IMG0001663.jpg,Sain,454,373
IMG0001664.jpg,Sain,373,454
IMG0001665.jpg,Sain,454,373
IMG0001668.jpg,Sain,454,373
IMG0001669.jpg,Sain,454,373
IMG0001672.jpg,Sain,373,454
IMG0001673.jpg,Sain,454,373
IMG0001674.jpg,Sain,373,454
IMG0001675.jpg,Sain,373,454
IMG0001676.jpg,Sain,373,454
IMG0001677.jpg,Sain,373,454
IMG0001678.jpg,Sain,373,454
IMG0001679.jpg,Sain,373,454
IMG0001680.jpg,Sain,373,454
IMG0001681.jpg,Sain,454,373
IMG0001682.jpg,Sain,454,373
IMG0001683.jpg,Sain,454,373
IMG0001684.jpg,Sain,373,454
IMG0001685.jpg,Sain,373,454
IMG0001686.jpg,Sain,373,454
IMG0001687.jpg,Sain,373,454
IMG0001688.jpg,Sain,454,373
IMG0001689.jpg,Sain,373,454
IMG0001690.jpg,Sain,454,373
IMG0001691.jpg,Sain,373,454
IMG0001692.jpg,Sain,373,454
IMG0001693.jpg,Sain,373,454
IMG0001694.jpg,Sain,454,373
IMG0001695.jpg,Sain,454,373
IMG0001696.jpg,Sain,454,373
IMG0001697.jpg,Sain,373,454
IMG0001698.jpg,Sain,373,454
IMG0001699.jpg,Sain,373,454
IMG0001700.jpg,Sain,373,454
IMG0001701.jpg,Sain,373,454
IMG0001702.jpg,Sain,454,373
IMG0001703.jpg,Sain,373,454
IMG0001704.jpg,Sain,373,454
IMG0001705.jpg,Sain,373,454
IMG0001706.jpg,Sain,454,373
IMG0001707.jpg,Sain,373,454
IMG0001708.jpg,Sain,454,373
IMG0001709_droite.jpg,Sain,454,454
IMG0001709_gauche.jpg,Sain,454,454
IMG0001711.jpg,Sain,373,454
IMG0001712.jpg,Sain,373,454
IMG0001714.jpg,Sain,373,454
IMG0001715.jpg,Sain,373,454
IMG0001716.jpg,Sain,373,454
IMG0001717.jpg,Sain,373,454
IMG0001718.jpg,Sain,373,454
IMG0001719.jpg,Sain,373,454
IMG0001720.jpg,Sain,373,454
IMG0001721.jpg,Sain,373,454
IMG0001722_droite.jpg,Sain,454,454
IMG0001722_gauche.jpg,Sain,454,454
IMG0001723.jpg,Sain,373,454
IMG0001724.jpg,Sain,373,454
IMG0001725.jpg,Sain,454,373
IMG0001726.jpg,Sain,373,454
IMG0001727.jpg,Sain,373,454
IMG0001728.jpg,Sain,373,454
IMG0001729.jpg,Sain,373,454
IMG0001733.jpg,Sain,373,454
IMG0001734.jpg,Sain,373,454
IMG0001735.jpg,Sain,373,454
IMG0001736.jpg,Sain,454,373
IMG0001737_droite.jpg,Sain,373,373
IMG0001737_gauche.jpg,Sain,373,373
IMG0001740_droite.jpg,Sain,373,373
IMG0001740_gauche.jpg,Sain,373,373
IMG0001741_droite.jpg,Sain,373,373
IMG0001741_gauche.jpg,Sain,373,373
IMG0001742.jpg,Sain,373,454
IMG0001743_droite.jpg,Sain,373,373
IMG0001743_gauche.jpg,Sain,373,373
IMG0001744.jpg,Sain,373,454
IMG0001745.jpg,Sain,373,454
IMG0001746.jpg,Sain,373,454
IMG0001747.jpg,Sain,454,373
IMG0001748.jpg,Sain,373,454
IMG0001749.jpg,Sain,454,373
IMG0001750.jpg,Sain,373,454
IMG0001751.jpg,Sain,373,454
IMG0001752.jpg,Sain,454,373
IMG0001753.jpg,Sain,373,454
IMG0001754.jpg,Sain,454,373
IMG0001755.jpg,Sain,373,454
IMG0001756.jpg,Sain,454,373
IMG0001757.jpg,Sain,373,454
IMG0001758.jpg,Sain,373,454
IMG0001759.jpg,Sain,373,454
IMG0001761_droite.jpg,Sain,454,454
IMG0001761_gauche.jpg,Sain,454,454
IMG0001764.jpg,Sain,454,373
IMG0001765.jpg,Sain,454,373
IMG0001766.jpg,Sain,454,373
IMG0001767_droite.jpg,Sain,454,454
IMG0001767_gauche.jpg,Sain,454,454
IMG0001768.jpg,Sain,373,454
IMG0001769.jpg,Sain,373,454
IMG0001770.jpg,Sain,373,454
IMG0001771.jpg,Sain,373,454
IMG0001772.jpg,Sain,373,454
IMG0001773.jpg,Sain,373,454
IMG0001775.jpg,Sain,373,454
IMG0001776.jpg,Sain,373,454
IMG0001777.jpg,Sain,373,454
IMG0001778.jpg,Sain,373,454
IMG0001779.jpg,Sain,373,454
IMG0001782.jpg,Sain,373,454
IMG0001783.jpg,Sain,454,373
IMG0001784.jpg,Sain,454,373
IMG0001785.jpg,Sain,454,373
IMG0001786.jpg,Sain,454,373
IMG0001787.jpg,Sain,373,454
IMG0001788.jpg,Sain,373,454
IMG0001789.jpg,Sain,373,454
IMG0001790.jpg,Sain,373,454
IMG0001791.jpg,Sain,373,454
IMG0001792.jpg,Sain,454,373
IMG0001793.jpg,Sain,373,454
IMG0001794.jpg,Sain,454,373
IMG0001795.jpg,Sain,373,454
IMG0001796.jpg,Sain,373,454
IMG0001797.jpg,Sain,373,454
IMG0001798.jpg,Sain,454,373
IMG0001799.jpg,Sain,454,373
IMG0001800_droite.jpg,Sain,373,373
IMG0001800_gauche.jpg,Sain,373,373
IMG0001801.jpg,Sain,373,454
IMG0001802.jpg,Sain,454,373
IMG0001803.jpg,Sain,373,454
IMG0001804.jpg,Sain,454,373
IMG0001807.jpg,Sain,373,454
IMG0001808.jpg,Sain,454,373
IMG0001809.jpg,Sain,373,454
IMG0001810.jpg,Sain,454,373
IMG0001811.jpg,Sain,373,454
IMG0001812.jpg,Sain,454,373
IMG0001813.jpg,Sain,373,454
IMG0001814.jpg,Sain,373,454
IMG0001815.jpg,Sain,373,454
IMG0001816.jpg,Sain,454,373
IMG0001817.jpg,Sain,373,454
IMG0001818.jpg,Sain,454,373
IMG0001819.jpg,Sain,373,454
IMG0001820.jpg,Sain,373,454
IMG0001821.jpg,Sain,373,454
IMG0001822.jpg,Sain,373,454
IMG0001823.jpg,Sain,373,454
IMG0001824.jpg,Sain,373,454
IMG0001825.jpg,Sain,373,454
IMG0001826.jpg,Sain,454,373
IMG0001827.jpg,Sain,373,454
IMG0001828.jpg,Sain,373,454
IMG0001829.jpg,Sain,373,454
IMG0001830.jpg,Sain,454,373
IMG0001831.jpg,Sain,373,454
IMG0001832.jpg,Sain,454,373
IMG0001833.jpg,Sain,373,454
IMG0001834.jpg,Sain,373,454
IMG0001835.jpg,Sain,454,373
IMG0001836.jpg,Sain,373,454
IMG0001837.jpg,Sain,373,454
IMG0001838.jpg,Sain,373,454
IMG0001839.jpg,Sain,373,454
IMG0001840.jpg,Sain,454,373
IMG0001841.jpg,Sain,373,454
IMG0001842.jpg,Sain,454,373
IMG0001843.jpg,Sain,373,454
IMG0001844.jpg,Sain,373,454
IMG0001845.jpg,Sain,373,454
IMG0001846.jpg,Sain,373,454
IMG0001847.jpg,Sain,373,454
IMG0001848.jpg,Sain,373,454
IMG0001849.jpg,Sain,373,454
IMG0001850.jpg,Sain,373,454
IMG0001851.jpg,Sain,373,454
IMG0001852.jpg,Sain,373,454
IMG0001853.jpg,Sain,373,454
IMG0001854.jpg,Sain,454,373
IMG0001855.jpg,Sain,454,373
IMG0001856.jpg,Sain,373,454
IMG0001857.jpg,Sain,373,454
IMG0001858.jpg,Sain,373,454
IMG0001859.jpg,Sain,454,373
IMG0001860.jpg,Sain,373,454
IMG0001861.jpg,Sain,373,454
IMG0001862.jpg,Sain,454,373
IMG0001863.jpg,Sain,454,373
IMG0001864.jpg,Sain,373,454
IMG0001865.jpg,Sain,373,454
IMG0001866.jpg,Sain,373,454
IMG0001871.jpg,Sain,373,454
IMG0001872.jpg,Sain,373,454
IMG0001873.jpg,Sain,373,454
IMG0001874.jpg,Sain,373,454
IMG0001875.jpg,Sain,454,373
IMG0001876.jpg,Sain,373,454
IMG0001877.jpg,Sain,454,373
IMG0001878.jpg,Sain,373,454
IMG0001879.jpg,Sain,454,373
IMG0001881.jpg,Sain,373,454
IMG0001882.jpg,Sain,454,373
IMG0001883.jpg,Sain,454,373
IMG0001884.jpg,Sain,373,454
IMG0001885.jpg,Sain,454,373
IMG0001886.jpg,Sain,373,454
IMG0001887.jpg,Sain,373,454
IMG0001888.jpg,Sain,454,373
IMG0001889.jpg,Sain,373,454
IMG0001890.jpg,Sain,454,373
IMG0001891_droite.jpg,Sain,454,454
IMG0001891_gauche.jpg,Sain,454,454
IMG0001892.jpg,Sain,373,454
IMG0001893.jpg,Sain,373,454
IMG0001894.jpg,Sain,373,454
IMG0001895.jpg,Sain,454,373
IMG0001896.jpg,Sain,454,373
IMG0001898.jpg,Sain,373,454
IMG0001899.jpg,Sain,454,373
IMG0001900.jpg,Sain,454,373
IMG0001901_droite.jpg,Sain,454,454
IMG0001901_gauche.jpg,Sain,454,454
IMG0001902.jpg,Sain,373,454
IMG0001903.jpg,Sain,373,454
IMG0001904.jpg,Sain,373,454
IMG0001905.jpg,Sain,373,454
IMG0001906.jpg,Sain,373,454
IMG0001907.jpg,Sain,373,454
IMG0001908.jpg,Sain,373,454
IMG0001909.jpg,Sain,454,373
IMG0001910.jpg,Sain,373,454
IMG0001911.jpg,Sain,373,454
IMG0001912.jpg,Sain,454,373
IMG0001913.jpg,Sain,373,454
IMG0001914.jpg,Sain,373,454
IMG0001915.jpg,Sain,454,373
IMG0001917.jpg,Sain,454,373
IMG0001918.jpg,Sain,373,454
IMG0001919.jpg,Sain,373,454
IMG0001920.jpg,Sain,373,454
IMG0001921.jpg,Sain,373,454
IMG0001922.jpg,Sain,373,454
IMG0001923_droite.jpg,Sain,454,454
IMG0001923_gauche.jpg,Sain,454,454
IMG0001924.jpg,Sain,373,454
IMG0001925.jpg,Sain,454,373
IMG0001926.jpg,Sain,373,454
IMG0001927.jpg,Sain,454,373
IMG0001928.jpg,Sain,454,373
IMG0001929.jpg,Sain,373,454
IMG0001930.jpg,Sain,373,454
IMG0001931.jpg,Sain,373,454
IMG0001932.jpg,Sain,373,454
IMG0001935.jpg,Sain,373,454
IMG0001936.jpg,Sain,373,454
IMG0001937.jpg,Sain,373,454
IMG0001940.jpg,Sain,373,454
IMG0001941.jpg,Sain,373,454
IMG0001942.jpg,Sain,373,454
IMG0001943.jpg,Sain,373,454
IMG0001944.jpg,Sain,373,454
IMG0001945.jpg,Sain,454,373
IMG0001946.jpg,Sain,454,373
IMG0001947.jpg,Sain,454,373
IMG0001949.jpg,Sain,373,454
IMG0001950.jpg,Sain,373,454
IMG0001951.jpg,Sain,454,373
IMG0001952.jpg,Sain,373,454
IMG0001953.jpg,Sain,454,373
IMG0001954.jpg,Sain,373,454
IMG0001955.jpg,Sain,373,454
IMG0001956.jpg,Sain,454,373
IMG0001957.jpg,Sain,373,454
IMG0001958.jpg,Sain,373,454
IMG0001959_droite.jpg,Sain,454,454
IMG0001959_gauche.jpg,Sain,454,454
IMG0001960.jpg,Sain,373,454
IMG0001961.jpg,Sain,454,373
IMG0001962.jpg,Sain,373,454
IMG0001963.jpg,Sain,373,454
IMG0001966.jpg,Sain,373,454
IMG0001967.jpg,Sain,454,373
IMG0001968.jpg,Sain,373,454
IMG0001969.jpg,Sain,373,454
IMG0001972.jpg,Sain,373,454
IMG0001973.jpg,Sain,454,373
IMG0001974_droite.jpg,Sain,373,373
IMG0001974_gauche.jpg,Sain,373,373
IMG0001975.jpg,Sain,373,454
IMG0001976.jpg,Sain,454,373
IMG0001977.jpg,Sain,373,454
IMG0001978.jpg,Sain,373,454
IMG0001979.jpg,Sain,373,454
IMG0001982.jpg,Sain,373,454
IMG0001983.jpg,Sain,454,373
IMG0001984_droite.jpg,Sain,373,373
IMG0001984_gauche.jpg,Sain,373,373
IMG0001985.jpg,Sain,373,454
IMG0001986.jpg,Sain,373,454
IMG0001987.jpg,Sain,373,454
IMG0001988.jpg,Sain,373,454
IMG0001989.jpg,Sain,454,373
IMG0001990.jpg,Sain,373,454
IMG0001991.jpg,Sain,373,454
IMG0001992.jpg,Sain,373,454
IMG0001993.jpg,Sain,373,454
IMG0001994.jpg,Sain,454,373
IMG0001995.jpg,Sain,454,373
IMG0001996.jpg,Sain,373,454
IMG0001997.jpg,Sain,373,454
IMG0001998_droite.jpg,Sain,454,454
IMG0001998_gauche.jpg,Sain,454,454
IMG0001999.jpg,Sain,373,454
IMG0002000.jpg,Sain,454,373
IMG0002001.jpg,Sain,454,373
IMG0002002.jpg,Sain,373,454
IMG0002003.jpg,Sain,373,454
IMG0002004.jpg,Sain,373,454
IMG0002005.jpg,Sain,373,454
IMG0002006.jpg,Sain,373,454
IMG0002007.jpg,Sain,454,373
IMG0002008.jpg,Sain,373,454
IMG0002010_droite.jpg,Sain,454,454
IMG0002010_gauche.jpg,Sain,454,454
IMG0002011.jpg,Sain,373,454
IMG0002012.jpg,Sain,373,454
IMG0002013.jpg,Sain,454,373
IMG0002014.jpg,Sain,373,454
IMG0002015.jpg,Sain,454,373
IMG0002016.jpg,Sain,373,454
IMG0002017.jpg,Sain,454,373
IMG0002018.jpg,Sain,373,454
IMG0002019.jpg,Sain,454,373
IMG0002022.jpg,Sain,454,373
IMG0002023.jpg,Sain,373,454
IMG0002024.jpg,Sain,373,454
IMG0002025.jpg,Sain,454,373
IMG0002026.jpg,Sain,373,454
IMG0002027.jpg,Sain,454,373
IMG0002028.jpg,Sain,454,373
IMG0002029.jpg,Sain,373,454
IMG0002030.jpg,Sain,373,454
IMG0002031.jpg,Sain,373,454
IMG0002032.jpg,Sain,454,373
IMG0002034.jpg,Sain,373,454
IMG0002035.jpg,Sain,373,454
IMG0002038.jpg,Sain,373,454
IMG0002039.jpg,Sain,373,454
IMG0002040.jpg,Sain,373,454
IMG0002041.jpg,Sain,373,454
IMG0002042.jpg,Sain,373,454
IMG0002043.jpg,Sain,454,373
IMG0002044.jpg,Sain,373,454
IMG0002045.jpg,Sain,454,373
IMG0002046.jpg,Sain,373,454
IMG0002047_droite.jpg,Sain,454,454
IMG0002047_gauche.jpg,Sain,454,454
IMG0002048.jpg,Sain,373,454
IMG0002049.jpg,Sain,454,373
IMG0002050.jpg,Sain,373,454
IMG0002051.jpg,Sain,454,373
IMG0002052.jpg,Sain,373,454
IMG0002053.jpg,Sain,454,373
IMG0002054.jpg,Sain,373,454
IMG0002055.jpg,Sain,454,373
IMG0002056.jpg,Sain,373,454
IMG0002057.jpg,Sain,454,373
IMG0002058.jpg,Sain,373,454
IMG0002059.jpg,Sain,373,454
IMG0002060.jpg,Sain,373,454
IMG0002061.jpg,Sain,454,373
IMG0002062.jpg,Sain,373,454
IMG0002063.jpg,Sain,373,454
IMG0002064.jpg,Sain,373,454
IMG0002065.jpg,Sain,454,373
IMG0002066.jpg,Sain,454,373
IMG0002067.jpg,Sain,373,454
IMG0002068.jpg,Sain,373,454
IMG0002069.jpg,Sain,373,454
IMG0002070.jpg,Sain,454,373
IMG0002071.jpg,Sain,454,373
IMG0002072_droite.jpg,Sain,454,454
IMG0002072_gauche.jpg,Sain,454,454
IMG0002073.jpg,Sain,373,454
IMG0002074.jpg,Sain,454,373
IMG0002075.jpg,Sain,373,454
IMG0002076.jpg,Sain,454,373
IMG0002077.jpg,Sain,373,454
IMG0002078.jpg,Sain,373,454
IMG0002079.jpg,Sain,373,454
IMG0002080.jpg,Sain,454,373
IMG0002081.jpg,Sain,454,373
IMG0002082.jpg,Sain,373,454
IMG0002083.jpg,Sain,454,373
IMG0002084.jpg,Sain,454,373
IMG0002087.jpg,Sain,373,454
IMG0002088.jpg,Sain,373,454
IMG0002089.jpg,Sain,373,454
IMG0002090.jpg,Sain,454,373
IMG0002091.jpg,Sain,373,454
IMG0002092.jpg,Sain,454,373
IMG0002095.jpg,Sain,373,454
IMG0002096.jpg,Sain,454,373
IMG0002097.jpg,Sain,373,454
IMG0002098.jpg,Sain,373,454
IMG0002099.jpg,Sain,454,373
IMG0002100.jpg,Sain,454,373
IMG0002101.jpg,Sain,373,454
IMG0002102.jpg,Sain,373,454
IMG0002103.jpg,Sain,373,454
IMG0002104.jpg,Sain,373,454
IMG0002107.jpg,Sain,373,454
IMG0002108.jpg,Sain,454,373
IMG0002109.jpg,Sain,454,373
IMG0002110.jpg,Sain,454,373
IMG0002111_droite.jpg,Sain,373,373
IMG0002111_gauche.jpg,Sain,373,373
IMG0002112.jpg,Sain,373,454
IMG0002113.jpg,Sain,373,454
IMG0002114.jpg,Sain,373,454
IMG0002115.jpg,Sain,373,454
IMG0002116.jpg,Sain,373,454
IMG0002117.jpg,Sain,454,373
IMG0002118.jpg,Sain,373,454
IMG0002119_droite.jpg,Sain,373,373
IMG0002119_gauche.jpg,Sain,373,373
IMG0002120.jpg,Sain,454,373
IMG0002121.jpg,Sain,454,373
IMG0002124_droite.jpg,Sain,454,454
IMG0002124_gauche.jpg,Sain,454,454
IMG0002125.jpg,Sain,373,454
IMG0002128.jpg,Sain,373,454
IMG0002129.jpg,Sain,373,454
IMG0002130.jpg,Sain,373,454
IMG0002131.jpg,Sain,454,373
IMG0002132.jpg,Sain,454,373
IMG0002133_droite.jpg,Sain,454,454
IMG0002133_gauche.jpg,Sain,454,454
IMG0002134.jpg,Sain,373,454
IMG0002135.jpg,Sain,373,454
IMG0002136_droite.jpg,Sain,454,454
IMG0002136_gauche.jpg,Sain,454,454
IMG0002137_droite.jpg,Sain,373,373
IMG0002137_gauche.jpg,Sain,373,373
IMG0002138.jpg,Sain,454,373
IMG0002139.jpg,Sain,454,373
IMG0002140.jpg,Sain,373,454
IMG0002141.jpg,Sain,454,373
IMG0002142.jpg,Sain,373,454
IMG0002143.jpg,Sain,454,373
IMG0002144.jpg,Sain,373,454
IMG0002145.jpg,Sain,454,373
IMG0002146.jpg,Sain,373,454
IMG0002147.jpg,Sain,373,454
IMG0002150.jpg,Sain,373,454
IMG0002151.jpg,Sain,373,454
IMG0002152.jpg,Sain,454,373
IMG0002153.jpg,Sain,373,454
IMG0002154.jpg,Sain,454,373
IMG0002155_droite.jpg,Sain,373,373
IMG0002155_gauche.jpg,Sain,373,373
IMG0002156.jpg,Sain,454,373
IMG0002157.jpg,Sain,373,454
IMG0002158.jpg,Sain,373,454
IMG0002159.jpg,Sain,373,454
IMG0002160.jpg,Sain,373,454
IMG0002161.jpg,Sain,373,454
IMG0002162.jpg,Sain,373,454
IMG0002163.jpg,Sain,373,454
IMG0002164.jpg,Sain,454,373
IMG0002167.jpg,Sain,373,454
IMG0002168.jpg,Sain,373,454
IMG0002169.jpg,Sain,373,454
IMG0002170.jpg,Sain,373,454
IMG0002171.jpg,Sain,373,454
IMG0002172_droite.jpg,Sain,373,373
IMG0002172_gauche.jpg,Sain,373,373
IMG0002173.jpg,Sain,373,454
IMG0002174_droite.jpg,Sain,373,373
IMG0002174_gauche.jpg,Sain,373,373
IMG0002175_droite.jpg,Sain,454,454
IMG0002175_gauche.jpg,Sain,454,454
IMG0002176.jpg,Sain,373,454
IMG0002177_droite.jpg,Sain,454,454
IMG0002177_gauche.jpg,Sain,454,454
IMG0002178.jpg,Sain,373,454
IMG0002179_droite.jpg,Sain,454,454
IMG0002179_gauche.jpg,Sain,454,454
IMG0002182_droite.jpg,Sain,373,373
IMG0002182_gauche.jpg,Sain,373,373
IMG0002183_droite.jpg,Sain,454,454
IMG0002183_gauche.jpg,Sain,454,454
IMG0002184_droite.jpg,Sain,454,454
IMG0002184_gauche.jpg,Sain,454,454
IMG0002185_droite.jpg,Sain,454,454
IMG0002185_gauche.jpg,Sain,454,454
IMG0002186_droite.jpg,Sain,373,373
IMG0002186_gauche.jpg,Sain,373,373
IMG0002187_droite.jpg,Sain,454,454
IMG0002187_gauche.jpg,Sain,454,454
IMG0002188_droite.jpg,Sain,454,454
IMG0002188_gauche.jpg,Sain,454,454
IMG0002189_droite.jpg,Sain,454,454
IMG0002189_gauche.jpg,Sain,454,454
IMG0002190_droite.jpg,Sain,454,454
IMG0002190_gauche.jpg,Sain,454,454
IMG0002191_droite.jpg,Sain,454,454
IMG0002191_gauche.jpg,Sain,454,454
IMG0002192_droite.jpg,Sain,454,454
IMG0002192_gauche.jpg,Sain,454,454
IMG0002193.jpg,Sain,373,454
IMG0002194_droite.jpg,Sain,454,454
IMG0002194_gauche.jpg,Sain,454,454
IMG0002195_droite.jpg,Sain,454,454
IMG0002195_gauche.jpg,Sain,454,454
IMG0002196.jpg,Sain,373,454
IMG0002197.jpg,Sain,373,454
IMG0002198.jpg,Sain,373,454
IMG0002199_droite.jpg,Sain,373,373
IMG0002199_gauche.jpg,Sain,373,373
IMG0002200_droite.jpg,Sain,373,373
IMG0002200_gauche.jpg,Sain,373,373
IMG0002201.jpg,Sain,454,373
IMG0002202_droite.jpg,Sain,373,373
IMG0002202_gauche.jpg,Sain,373,373
IMG0002203_droite.jpg,Sain,454,454
IMG0002203_gauche.jpg,Sain,454,454
IMG0002204_droite.jpg,Sain,454,454
IMG0002204_gauche.jpg,Sain,454,454
IMG0002205_droite.jpg,Sain,454,454
IMG0002205_gauche.jpg,Sain,454,454
IMG0002206_droite.jpg,Sain,454,454
IMG0002206_gauche.jpg,Sain,454,454
IMG0002207_droite.jpg,Sain,454,454
IMG0002207_gauche.jpg,Sain,454,454
IMG0002209_droite.jpg,Sain,454,454
IMG0002209_gauche.jpg,Sain,454,454
IMG0002210.jpg,Sain,373,454
IMG0002211_droite.jpg,Sain,454,454
IMG0002211_gauche.jpg,Sain,454,454
IMG0002212_droite.jpg,Sain,454,454
IMG0002212_gauche.jpg,Sain,454,454
IMG0002213_droite.jpg,Sain,454,454
IMG0002213_gauche.jpg,Sain,454,454
IMG0002214_droite.jpg,Sain,454,454
IMG0002214_gauche.jpg,Sain,454,454
IMG0002215_droite.jpg,Sain,454,454
IMG0002215_gauche.jpg,Sain,454,454
IMG0002216.jpg,Sain,373,454
IMG0002217_droite.jpg,Sain,454,454
IMG0002217_gauche.jpg,Sain,454,454
IMG0002218_droite.jpg,Sain,454,454
IMG0002218_gauche.jpg,Sain,454,454
IMG0002219_droite.jpg,Sain,454,454
IMG0002219_gauche.jpg,Sain,454,454
IMG0002220_droite.jpg,Sain,454,454
IMG0002220_gauche.jpg,Sain,454,454
IMG0002221_droite.jpg,Sain,454,454
IMG0002221_gauche.jpg,Sain,454,454
IMG0002222_droite.jpg,Sain,454,454
IMG0002222_gauche.jpg,Sain,454,454
IMG0002223_droite.jpg,Sain,373,373
IMG0002223_gauche.jpg,Sain,373,373
IMG0002224.jpg,Sain,373,454
IMG0002226_droite.jpg,Sain,454,454
IMG0002226_gauche.jpg,Sain,454,454
IMG0002227_droite.jpg,Sain,454,454
IMG0002227_gauche.jpg,Sain,454,454
IMG0002228_droite.jpg,Sain,373,373
IMG0002228_gauche.jpg,Sain,373,373
IMG0002229_droite.jpg,Sain,454,454
IMG0002229_gauche.jpg,Sain,454,454
IMG0002230_droite.jpg,Sain,454,454
IMG0002230_gauche.jpg,Sain,454,454
IMG0002231_droite.jpg,Sain,454,454
IMG0002231_gauche.jpg,Sain,454,454
IMG0002232.jpg,Sain,373,454
IMG0002233_droite.jpg,Sain,373,373
IMG0002233_gauche.jpg,Sain,373,373
IMG0002234_droite.jpg,Sain,373,373
IMG0002234_gauche.jpg,Sain,373,373
IMG0002235_droite.jpg,Sain,454,454
IMG0002235_gauche.jpg,Sain,454,454
IMG0002236.jpg,Sain,373,454
IMG0002237.jpg,Sain,373,454
IMG0002238_droite.jpg,Sain,454,454
IMG0002238_gauche.jpg,Sain,454,454
IMG0002239_droite.jpg,Sain,454,454
IMG0002239_gauche.jpg,Sain,454,454
IMG0002240_droite.jpg,Sain,454,454
IMG0002240_gauche.jpg,Sain,454,454
IMG0002241.jpg,Sain,373,454
IMG0002242_droite.jpg,Sain,454,454
IMG0002242_gauche.jpg,Sain,454,454
IMG0002243.jpg,Sain,373,454
IMG0002244.jpg,Sain,373,454
IMG0002245_droite.jpg,Sain,454,454
IMG0002245_gauche.jpg,Sain,454,454
IMG0002246.jpg,Sain,373,454
IMG0002247_droite.jpg,Sain,454,454
IMG0002247_gauche.jpg,Sain,454,454
IMG0002248.jpg,Sain,373,454
IMG0002249_droite.jpg,Sain,454,454
IMG0002249_gauche.jpg,Sain,454,454
IMG0002250_droite.jpg,Sain,373,373
IMG0002250_gauche.jpg,Sain,373,373
IMG0002251.jpg,Sain,373,454
IMG0002252_droite.jpg,Sain,454,454
IMG0002252_gauche.jpg,Sain,454,454
IMG0002253_droite.jpg,Sain,373,373
IMG0002253_gauche.jpg,Sain,373,373
IMG0002254_droite.jpg,Sain,454,454
IMG0002254_gauche.jpg,Sain,454,454
IMG0002255.jpg,Sain,373,454
IMG0002256_droite.jpg,Sain,454,454
IMG0002256_gauche.jpg,Sain,454,454
IMG0002257.jpg,Sain,373,454
IMG0002258.jpg,Sain,373,454
IMG0002259_droite.jpg,Sain,373,373
IMG0002259_gauche.jpg,Sain,373,373
IMG0002260.jpg,Sain,454,373
IMG0002261_droite.jpg,Sain,373,373
IMG0002261_gauche.jpg,Sain,373,373
IMG0002262_droite.jpg,Sain,373,373
IMG0002262_gauche.jpg,Sain,373,373
IMG0002263_droite.jpg,Sain,454,454
IMG0002263_gauche.jpg,Sain,454,454
IMG0002264_droite.jpg,Sain,454,454
IMG0002264_gauche.jpg,Sain,454,454
IMG0002266_droite.jpg,Sain,454,454
IMG0002266_gauche.jpg,Sain,454,454
IMG0002267_droite.jpg,Sain,373,373
IMG0002267_gauche.jpg,Sain,373,373
IMG0002268_droite.jpg,Sain,373,373
IMG0002268_gauche.jpg,Sain,373,373
IMG0002269_droite.jpg,Sain,454,454
IMG0002269_gauche.jpg,Sain,454,454
IMG0002270_droite.jpg,Sain,454,454
IMG0002270_gauche.jpg,Sain,454,454
IMG0002271_droite.jpg,Sain,454,454
IMG0002271_gauche.jpg,Sain,454,454
IMG0002273_droite.jpg,Sain,454,454
IMG0002273_gauche.jpg,Sain,454,454
IMG0002275.jpg,Sain,373,454
IMG0002276.jpg,Sain,373,454
IMG0002277_droite.jpg,Sain,454,454
IMG0002277_gauche.jpg,Sain,454,454
IMG0002278.jpg,Sain,373,454
IMG0002279_droite.jpg,Sain,454,454
IMG0002279_gauche.jpg,Sain,454,454
IMG0002280_droite.jpg,Sain,454,454
IMG0002280_gauche.jpg,Sain,454,454
IMG0002281.jpg,Sain,373,454
IMG0002282_droite.jpg,Sain,373,373
IMG0002282_gauche.jpg,Sain,373,373
IMG0002283_droite.jpg,Sain,373,373
IMG0002283_gauche.jpg,Sain,373,373
IMG0002284.jpg,Sain,373,454
IMG0002285_droite.jpg,Sain,454,454
IMG0002285_gauche.jpg,Sain,454,454
IMG0002286_droite.jpg,Sain,454,454
IMG0002286_gauche.jpg,Sain,454,454
IMG0002288.jpg,Sain,373,454
IMG0002289.jpg,Sain,373,454
IMG0002290_droite.jpg,Sain,454,454
IMG0002290_gauche.jpg,Sain,454,454
IMG0002291_droite.jpg,Sain,2140,2140
IMG0002291_gauche.jpg,Sain,2140,2140
IMG0002292_droite.jpg,Sain,2140,2140
IMG0002292_gauche.jpg,Sain,2140,2140
IMG0002293_droite.jpg,Sain,2140,2140
IMG0002293_gauche.jpg,Sain,2140,2140
IMG0002294_droite.jpg,Sain,2140,2140
IMG0002294_gauche.jpg,Sain,2140,2140
IMG0002295_droite.jpg,Sain,2140,2140
IMG0002295_gauche.jpg,Sain,2140,2140
IMG0002296_droite.jpg,Sain,2140,2140
IMG0002296_gauche.jpg,Sain,2140,2140
IMG0002297_droite.jpg,Sain,2140,2140
IMG0002297_gauche.jpg,Sain,2140,2140
IMG0002616.jpg,Sain,454,373
IMG0002618.jpg,Sain,373,454
IMG0002623.jpg,Sain,373,454
IMG0002624.jpg,Sain,454,373
IMG0002625.jpg,Sain,373,454
IMG0002626.jpg,Sain,373,454
IMG0002629.jpg,Sain,373,454
IMG0002630.jpg,Sain,454,373
IMG0002631_droite.jpg,Sain,373,373
IMG0002631_gauche.jpg,Sain,373,373
IMG0002632.jpg,Sain,373,454
IMG0002633.jpg,Sain,373,454
IMG0002634.jpg,Sain,373,454
IMG0002635.jpg,Sain,454,373
IMG0002636.jpg,Sain,373,454
IMG0002637.jpg,Sain,373,454
IMG0002638.jpg,Sain,373,454
IMG0002639.jpg,Sain,373,454
IMG0002640.jpg,Sain,373,454
IMG0002641.jpg,Sain,454,373
IMG0002642.jpg,Sain,373,454
IMG0002643.jpg,Sain,454,373
IMG0002644.jpg,Sain,454,373
IMG0002645.jpg,Sain,373,454
IMG0002648.jpg,Sain,454,373
IMG0002649.jpg,Sain,373,454
IMG0002654.jpg,Sain,373,454
IMG0002655.jpg,Sain,373,454
IMG0002656.jpg,Sain,373,454
IMG0002657.jpg,Sain,454,373
IMG0002658.jpg,Sain,454,373
IMG0002659.jpg,Sain,454,373
IMG0002660.jpg,Sain,373,454
IMG0002661.jpg,Sain,454,373
IMG0002662.jpg,Sain,373,454
IMG0002663.jpg,Sain,373,454
IMG0002665.jpg,Sain,373,454
IMG0002666.jpg,Sain,454,373
IMG0002667.jpg,Sain,373,454
IMG0002669.jpg,Sain,454,373
IMG0002670.jpg,Sain,454,373
IMG0002671.jpg,Sain,373,454
IMG0002672.jpg,Sain,454,373
IMG0002673.jpg,Sain,373,454
IMG0002674.jpg,Sain,373,454
IMG0002675.jpg,Sain,454,373
IMG0002676.jpg,Sain,373,454
IMG0002677.jpg,Sain,373,454
IMG0002678.jpg,Sain,454,373
IMG0002679.jpg,Sain,454,373
IMG0002680.jpg,Sain,373,454
IMG0002681.jpg,Sain,373,454
IMG0002682.jpg,Sain,373,454
IMG0002683.jpg,Sain,373,454
IMG0002684.jpg,Sain,454,373
IMG0002685.jpg,Sain,373,454
IMG0002686.jpg,Sain,454,373
IMG0002687.jpg,Sain,373,454
IMG0002688.jpg,Sain,454,373
IMG0002689.jpg,Sain,373,454
IMG0002690.jpg,Sain,373,454
IMG0002691.jpg,Sain,373,454
IMG0002692.jpg,Sain,373,454
IMG0002693.jpg,Sain,454,373
IMG0002694.jpg,Sain,373,454
IMG0002695_droite.jpg,Sain,373,373
IMG0002695_gauche.jpg,Sain,373,373
IMG0002696.jpg,Sain,454,373
IMG0002697.jpg,Sain,454,373
IMG0002698.jpg,Sain,373,454
IMG0002699.jpg,Sain,373,454
IMG0002700.jpg,Sain,373,454
IMG0002702.jpg,Sain,454,373
IMG0002703.jpg,Sain,373,454
IMG0002706.jpg,Sain,373,454
IMG0002707.jpg,Sain,454,373
IMG0002708_droite.jpg,Sain,373,373
IMG0002708_gauche.jpg,Sain,373,373
IMG0002709.jpg,Sain,373,454
IMG0002710.jpg,Sain,454,373
IMG0002711_droite.jpg,Sain,373,373
IMG0002711_gauche.jpg,Sain,373,373
IMG0002712.jpg,Sain,373,454
IMG0002713_droite.jpg,Sain,373,373
IMG0002713_gauche.jpg,Sain,373,373
IMG0002715.jpg,Sain,373,454
IMG0002716.jpg,Sain,373,454
IMG0002717.jpg,Sain,454,373
IMG0002718.jpg,Sain,373,454
IMG0002719.jpg,Sain,454,373
IMG0002720.jpg,Sain,373,454
IMG0002721.jpg,Sain,373,454
IMG0002722.jpg,Sain,454,373
IMG0002723.jpg,Sain,373,454
IMG0002724.jpg,Sain,373,454
IMG0002725.jpg,Sain,454,373
IMG0002726.jpg,Sain,373,454
IMG0002727.jpg,Sain,373,454
IMG0002728.jpg,Sain,373,454
IMG0002729.jpg,Sain,454,373
IMG0002730.jpg,Sain,373,454
IMG0002733.jpg,Sain,373,454
IMG0002734.jpg,Sain,454,373
IMG0002735.jpg,Sain,373,454
IMG0002736.jpg,Sain,373,454
IMG0002739.jpg,Sain,373,454
IMG0002740.jpg,Sain,373,454
IMG0002741.jpg,Sain,454,373
IMG0002742.jpg,Sain,373,454
IMG0002743.jpg,Sain,373,454
IMG0002744.jpg,Sain,373,454
IMG0002747.jpg,Sain,373,454
IMG0002748.jpg,Sain,454,373
IMG0002751.jpg,Sain,373,454
IMG0002752.jpg,Sain,373,454
IMG0002753.jpg,Sain,373,454
IMG0002754.jpg,Sain,454,373
IMG0002755.jpg,Sain,373,454
IMG0002756.jpg,Sain,454,373
IMG0002757.jpg,Sain,373,454
IMG0002758.jpg,Sain,373,454
IMG0002759.jpg,Sain,373,454
IMG0002760.jpg,Sain,373,454
IMG0002761.jpg,Sain,454,373
IMG0002762.jpg,Sain,454,373
IMG0002763.jpg,Sain,373,454
IMG0002764.jpg,Sain,373,454
IMG0002765.jpg,Sain,373,454
IMG0002766.jpg,Sain,373,454
IMG0002767.jpg,Sain,373,454
IMG0002769.jpg,Sain,373,454
IMG0002770.jpg,Sain,373,454
IMG0002771.jpg,Sain,373,454
IMG0002772.jpg,Sain,373,454
IMG0002773.jpg,Sain,373,454
IMG0002774.jpg,Sain,454,373
IMG0002775_droite.jpg,Sain,373,373
IMG0002775_gauche.jpg,Sain,373,373
IMG0002776.jpg,Sain,454,373
IMG0002777.jpg,Sain,454,373
IMG0002778.jpg,Sain,373,454
IMG0002779.jpg,Sain,373,454
IMG0002780.jpg,Sain,373,454
IMG0002781.jpg,Sain,454,373
IMG0002782.jpg,Sain,373,454
IMG0002783.jpg,Sain,373,454
IMG0002784.jpg,Sain,373,454
IMG0002785.jpg,Sain,454,373
IMG0002786_droite.jpg,Sain,373,373
IMG0002786_gauche.jpg,Sain,373,373
IMG0002787.jpg,Sain,373,454
IMG0002788.jpg,Sain,454,373
IMG0002789_droite.jpg,Sain,454,454
IMG0002789_gauche.jpg,Sain,454,454
IMG0002792.jpg,Sain,373,454
IMG0002793.jpg,Sain,373,454
IMG0002794.jpg,Sain,373,454
IMG0002795.jpg,Sain,454,373
IMG0002796.jpg,Sain,373,454
IMG0002797.jpg,Sain,373,454
IMG0002798.jpg,Sain,373,454
IMG0002799.jpg,Sain,373,454
IMG0002800_droite.jpg,Sain,373,373
IMG0002800_gauche.jpg,Sain,373,373
IMG0002801.jpg,Sain,373,454
IMG0002802.jpg,Sain,373,454
IMG0002803.jpg,Sain,373,454
IMG0002804.jpg,Sain,454,373
IMG0002805.jpg,Sain,373,454
IMG0002806.jpg,Sain,454,373
IMG0002807.jpg,Sain,373,454
IMG0002808.jpg,Sain,373,454
IMG0002811.jpg,Sain,373,454
IMG0002812.jpg,Sain,373,454
IMG0002813.jpg,Sain,454,373
IMG0002814.jpg,Sain,373,454
IMG0002815.jpg,Sain,454,373
IMG0002816.jpg,Sain,373,454
IMG0002817.jpg,Sain,373,454
IMG0002818.jpg,Sain,373,454
IMG0002819.jpg,Sain,373,454
IMG0002820.jpg,Sain,373,454
IMG0002821.jpg,Sain,373,454
IMG0002822.jpg,Sain,373,454
IMG0002823.jpg,Sain,373,454
IMG0002824.jpg,Sain,373,454
IMG0002825.jpg,Sain,373,454
IMG0002826.jpg,Sain,373,454
IMG0002827.jpg,Sain,373,454
IMG0002828.jpg,Sain,373,454
IMG0002829.jpg,Sain,373,454
IMG0002830.jpg,Sain,454,373
IMG0002835.jpg,Sain,373,454
IMG0002836.jpg,Sain,373,454
IMG0002837.jpg,Sain,373,454
IMG0002838.jpg,Sain,454,373
IMG0002839.jpg,Sain,373,454
IMG0002841.jpg,Sain,373,454
IMG0002842.jpg,Sain,373,454
IMG0002843.jpg,Sain,373,454
IMG0002844.jpg,Sain,373,454
IMG0002845.jpg,Sain,454,373
IMG0002850.jpg,Sain,373,454
IMG0002851.jpg,Sain,454,373
IMG0002852_droite.jpg,Sain,373,373
IMG0002852_gauche.jpg,Sain,373,373
IMG0002853_droite.jpg,Sain,373,373
IMG0002853_gauche.jpg,Sain,373,373
IMG0002854.jpg,Sain,373,454
IMG0002855.jpg,Sain,454,373
IMG0002856_droite.jpg,Sain,373,373
IMG0002856_gauche.jpg,Sain,373,373
IMG0002857.jpg,Sain,454,373
IMG0002858.jpg,Sain,454,373
IMG0002859.jpg,Sain,373,454
IMG0002860.jpg,Sain,454,373
IMG0002861.jpg,Sain,373,454
IMG0002862.jpg,Sain,373,454
IMG0002863.jpg,Sain,373,454
IMG0002864.jpg,Sain,373,454
IMG0002865_droite.jpg,Sain,373,373
IMG0002865_gauche.jpg,Sain,373,373
IMG0002866.jpg,Sain,454,373
IMG0002867.jpg,Sain,454,373
IMG0002868.jpg,Sain,373,454
IMG0002869.jpg,Sain,373,454
IMG0002870.jpg,Sain,373,454
IMG0002871.jpg,Sain,454,373
IMG0002872.jpg,Sain,454,373
IMG0002873.jpg,Sain,373,454
IMG0002874.jpg,Sain,373,454
IMG0002875.jpg,Sain,454,373
IMG0002876.jpg,Sain,373,454
IMG0002877.jpg,Sain,373,454
IMG0002878.jpg,Sain,454,373
IMG0002879.jpg,Sain,373,454
IMG0002880.jpg,Sain,454,373
IMG0002881.jpg,Sain,373,454
IMG0002882.jpg,Sain,454,373
IMG0002883.jpg,Sain,373,454
IMG0002884.jpg,Sain,373,454
IMG0002887.jpg,Sain,373,454
IMG0002888.jpg,Sain,373,454
IMG0002889.jpg,Sain,373,454
IMG0002890.jpg,Sain,373,454
IMG0002891.jpg,Sain,373,454
IMG0002892.jpg,Sain,373,454
IMG0002893.jpg,Sain,373,454
IMG0002894.jpg,Sain,373,454
IMG0002895.jpg,Sain,373,454
IMG0002896.jpg,Sain,454,373
IMG0002897.jpg,Sain,373,454
IMG0002898.jpg,Sain,373,454
IMG0002899.jpg,Sain,373,454
IMG0002900.jpg,Sain,373,454
IMG0002901.jpg,Sain,454,373
IMG0002902.jpg,Sain,373,454
IMG0002903.jpg,Sain,373,454
IMG0002906.jpg,Sain,373,454
IMG0002907.jpg,Sain,373,454
IMG0002908.jpg,Sain,373,454
IMG0002909.jpg,Sain,373,454
IMG0002910.jpg,Sain,454,373
IMG0002911.jpg,Sain,373,454
IMG0002912.jpg,Sain,373,454
IMG0002913.jpg,Sain,373,454
IMG0002914.jpg,Sain,373,454
IMG0002915.jpg,Sain,373,454
IMG0002916.jpg,Sain,454,373
IMG0002917.jpg,Sain,373,454
IMG0002918.jpg,Sain,373,454
IMG0002919.jpg,Sain,454,373
IMG0002920.jpg,Sain,373,454
IMG0002921.jpg,Sain,454,373
IMG0002922.jpg,Sain,373,454
IMG0002923.jpg,Sain,373,454
IMG0002924.jpg,Sain,373,454
IMG0002925_droite.jpg,Sain,373,373
IMG0002925_gauche.jpg,Sain,373,373
IMG0002926.jpg,Sain,454,373
IMG0002927.jpg,Sain,454,373
IMG0002928.jpg,Sain,373,454
IMG0002929.jpg,Sain,373,454
IMG0002930.jpg,Sain,373,454
IMG0002931.jpg,Sain,454,373
IMG0002932.jpg,Sain,373,454
IMG0002933.jpg,Sain,373,454
IMG0002936.jpg,Sain,373,454
IMG0002937.jpg,Sain,373,454
IMG0002938.jpg,Sain,373,454
IMG0002939.jpg,Sain,373,454
IMG0002940.jpg,Sain,454,373
IMG0002941.jpg,Sain,454,373
IMG0002942.jpg,Sain,373,454
IMG0002943.jpg,Sain,373,454
IMG0002944_droite.jpg,Sain,373,373
IMG0002944_gauche.jpg,Sain,373,373
IMG0002947.jpg,Sain,454,373
IMG0002948.jpg,Sain,454,373
IMG0002949.jpg,Sain,373,454
IMG0002950.jpg,Sain,373,454
IMG0002951.jpg,Sain,373,454
IMG0002952.jpg,Sain,373,454
IMG0002953.jpg,Sain,373,454
IMG0002954.jpg,Sain,454,373
IMG0002955.jpg,Sain,373,454
IMG0002956.jpg,Sain,373,454
IMG0002957.jpg,Sain,373,454
IMG0002958.jpg,Sain,373,454
IMG0002959.jpg,Sain,373,454
IMG0002960.jpg,Sain,373,454
IMG0002961.jpg,Sain,373,454
IMG0002962.jpg,Sain,373,454
IMG0002963.jpg,Sain,373,454
IMG0002964.jpg,Sain,373,454
IMG0002965.jpg,Sain,373,454
IMG0002966.jpg,Sain,373,454
IMG0002967.jpg,Sain,373,454
IMG0002968.jpg,Sain,373,454
IMG0002969.jpg,Sain,454,373
IMG0002972.jpg,Sain,373,454
IMG0002973.jpg,Sain,454,373
IMG0002974.jpg,Sain,373,454
IMG0002975.jpg,Sain,373,454
IMG0002976.jpg,Sain,454,373
IMG0002977.jpg,Sain,373,454
IMG0002978.jpg,Sain,454,373
IMG0002981.jpg,Sain,373,454
IMG0002982.jpg,Sain,373,454
IMG0002983.jpg,Sain,373,454
IMG0002984.jpg,Sain,454,373
IMG0002985.jpg,Sain,373,454
IMG0002986.jpg,Sain,373,454
IMG0002988.jpg,Sain,454,373
IMG0002989.jpg,Sain,373,454
IMG0002990.jpg,Sain,373,454
IMG0002991.jpg,Sain,373,454
IMG0002992.jpg,Sain,373,454
IMG0002993.jpg,Sain,454,373
IMG0002994.jpg,Sain,373,454
IMG0002995.jpg,Sain,373,454
IMG0002996.jpg,Sain,373,454
IMG0002997.jpg,Sain,373,454
IMG0003002.jpg,Sain,373,454
IMG0003003.jpg,Sain,373,454
IMG0003004.jpg,Sain,373,454
IMG0003005.jpg,Sain,373,454
IMG0003006.jpg,Sain,454,373
IMG0003007.jpg,Sain,373,454
IMG0003008.jpg,Sain,373,454
IMG0003009.jpg,Sain,373,454
IMG0003010_droite.jpg,Sain,373,373
IMG0003010_gauche.jpg,Sain,373,373
IMG0003011.jpg,Sain,373,454
IMG0003012.jpg,Sain,373,454
IMG0003013.jpg,Sain,373,454
IMG0003014.jpg,Sain,454,373
IMG0003015.jpg,Sain,373,454
IMG0003016.jpg,Sain,373,454
IMG0003017_droite.jpg,Sain,373,373
IMG0003017_gauche.jpg,Sain,373,373
IMG0003018.jpg,Sain,373,454
IMG0003019.jpg,Sain,454,373
IMG0003022.jpg,Sain,373,454
IMG0003023.jpg,Sain,373,454
IMG0003024.jpg,Sain,373,454
IMG0003025.jpg,Sain,454,373
IMG0003026.jpg,Sain,373,454
IMG0003027.jpg,Sain,454,373
IMG0003028_droite.jpg,Sain,373,373
IMG0003028_gauche.jpg,Sain,373,373
IMG0003029.jpg,Sain,373,454
IMG0003030.jpg,Sain,454,373
IMG0003031.jpg,Sain,373,454
IMG0003032.jpg,Sain,373,454
IMG0003033_droite.jpg,Sain,373,373
IMG0003033_gauche.jpg,Sain,373,373
IMG0003036.jpg,Sain,373,454
IMG0003037.jpg,Sain,373,454
IMG0003038.jpg,Sain,373,454
IMG0003039.jpg,Sain,454,373
IMG0003040.jpg,Sain,373,454
IMG0003041.jpg,Sain,373,454
IMG0003042.jpg,Sain,373,454
IMG0003043.jpg,Sain,454,373
IMG0003044.jpg,Sain,373,454
IMG0003045.jpg,Sain,373,454
IMG0003046.jpg,Sain,373,454
IMG0003047.jpg,Sain,373,454
IMG0003048.jpg,Sain,454,373
IMG0003049.jpg,Sain,373,454
IMG0003050.jpg,Sain,373,454
IMG0003051.jpg,Sain,454,373
IMG0003052.jpg,Sain,373,454
IMG0003053.jpg,Sain,454,373
IMG0003054.jpg,Sain,373,454
IMG0003055.jpg,Sain,373,454
IMG0003056.jpg,Sain,373,454
IMG0003057.jpg,Sain,454,373
IMG0003058.jpg,Sain,373,454
IMG0003059.jpg,Sain,373,454
IMG0003060.jpg,Sain,373,454
IMG0003061.jpg,Sain,373,454
IMG0003062.jpg,Sain,373,454
IMG0003063.jpg,Sain,373,454
IMG0003064.jpg,Sain,454,373
IMG0003065.jpg,Sain,373,454
IMG0003066.jpg,Sain,373,454
IMG0003067.jpg,Sain,373,454
IMG0003068.jpg,Sain,373,454
IMG0003069.jpg,Sain,373,454
IMG0003071.jpg,Sain,373,454
IMG0003072.jpg,Sain,373,454
IMG0003073.jpg,Sain,454,373
IMG0003074.jpg,Sain,454,373
IMG0003075.jpg,Sain,373,454
IMG0003076.jpg,Sain,373,454
IMG0003078.jpg,Sain,454,373
IMG0003079.jpg,Sain,373,454
IMG0003080.jpg,Sain,373,454
IMG0003081.jpg,Sain,373,454
IMG0003082.jpg,Sain,373,454
IMG0003083.jpg,Sain,373,454
IMG0003084.jpg,Sain,373,454
IMG0003085.jpg,Sain,454,373
IMG0003086.jpg,Sain,373,454
IMG0003087.jpg,Sain,373,454
IMG0003088.jpg,Sain,373,454
IMG0003089.jpg,Sain,373,454
IMG0003090.jpg,Sain,373,454
IMG0003091.jpg,Sain,373,454
IMG0003092.jpg,Sain,454,373
IMG0003095.jpg,Sain,373,454
IMG0003096.jpg,Sain,373,454
IMG0003097.jpg,Sain,373,454
IMG0003098.jpg,Sain,373,454
IMG0003099.jpg,Sain,373,454
IMG0003100.jpg,Sain,373,454
IMG0003103.jpg,Sain,373,454
IMG0003104.jpg,Sain,373,454
IMG0003105.jpg,Sain,373,454
IMG0003106.jpg,Sain,454,373
IMG0003107.jpg,Sain,373,454
IMG0003108.jpg,Sain,373,454
IMG0003109.jpg,Sain,373,454
IMG0003110.jpg,Sain,373,454
IMG0003113.jpg,Sain,373,454
IMG0003114.jpg,Sain,373,454
IMG0003115.jpg,Sain,373,454
IMG0003116_droite.jpg,Sain,373,373
IMG0003116_gauche.jpg,Sain,373,373
IMG0003117_droite.jpg,Sain,373,373
IMG0003117_gauche.jpg,Sain,373,373
IMG0003118.jpg,Sain,373,454
IMG0003119.jpg,Sain,373,454
IMG0003120.jpg,Sain,373,454
IMG0003122.jpg,Sain,373,454
IMG0003123.jpg,Sain,373,454
IMG0003124.jpg,Sain,373,454
IMG0003125.jpg,Sain,454,373
IMG0003126.jpg,Sain,373,454
IMG0003127.jpg,Sain,373,454
IMG0003128.jpg,Sain,373,454
IMG0003129.jpg,Sain,373,454
IMG0003133.jpg,Sain,373,454
IMG0003134.jpg,Sain,454,373
IMG0003135.jpg,Sain,373,454
IMG0003136.jpg,Sain,373,454
IMG0003137.jpg,Sain,373,454
IMG0003138.jpg,Sain,373,454
IMG0003139.jpg,Sain,373,454
IMG0003140.jpg,Sain,373,454
IMG0003141_droite.jpg,Sain,373,373
IMG0003141_gauche.jpg,Sain,373,373
IMG0003142.jpg,Sain,454,373
IMG0003143.jpg,Sain,454,373
IMG0003144.jpg,Sain,373,454
IMG0003145.jpg,Sain,373,454
IMG0003148.jpg,Sain,373,454
IMG0003149.jpg,Sain,454,373
IMG0003150_droite.jpg,Sain,373,373
IMG0003150_gauche.jpg,Sain,373,373
IMG0003151_droite.jpg,Sain,373,373
IMG0003151_gauche.jpg,Sain,373,373
IMG0003152.jpg,Sain,373,454
IMG0003153.jpg,Sain,373,454
IMG0003154.jpg,Sain,373,454
IMG0003155_droite.jpg,Sain,373,373
IMG0003155_gauche.jpg,Sain,373,373
IMG0003156_droite.jpg,Sain,373,373
IMG0003156_gauche.jpg,Sain,373,373
IMG0003158.jpg,Sain,373,454
IMG0003159.jpg,Sain,454,373
IMG0003160.jpg,Sain,373,454
IMG0003161.jpg,Sain,373,454
IMG0003162.jpg,Sain,373,454
IMG0003163.jpg,Sain,373,454
IMG0003166_droite.jpg,Sain,454,454
IMG0003166_gauche.jpg,Sain,454,454
IMG0003167.jpg,Sain,373,454
IMG0003168.jpg,Sain,373,454
IMG0003169.jpg,Sain,373,454
IMG0003170.jpg,Sain,454,373
IMG0003173.jpg,Sain,373,454
IMG0003174.jpg,Sain,454,373
IMG0003175_droite.jpg,Sain,373,373
IMG0003175_gauche.jpg,Sain,373,373
IMG0003176.jpg,Sain,373,454
IMG0003177.jpg,Sain,454,373
IMG0003178.jpg,Sain,373,454
IMG0003179.jpg,Sain,373,454
IMG0003180_droite.jpg,Sain,373,373
IMG0003180_gauche.jpg,Sain,373,373
IMG0003181.jpg,Sain,373,454
IMG0003185_droite.jpg,Sain,373,373
IMG0003185_gauche.jpg,Sain,373,373
IMG0003186.jpg,Sain,454,373
IMG0003187.jpg,Sain,373,454
IMG0003188.jpg,Sain,373,454
IMG0003189.jpg,Sain,373,454
IMG0003190.jpg,Sain,454,373
IMG0003191.jpg,Sain,373,454
IMG0003192.jpg,Sain,454,373
IMG0003193.jpg,Sain,373,454
IMG0003194.jpg,Sain,373,454
IMG0003195.jpg,Sain,373,454
IMG0003196.jpg,Sain,454,373
IMG0003197.jpg,Sain,373,454
IMG0003198.jpg,Sain,454,373
IMG0003202.jpg,Sain,454,373
IMG0003203.jpg,Sain,373,454
IMG0003204.jpg,Sain,373,454
IMG0003205.jpg,Sain,373,454
IMG0003206.jpg,Sain,454,373
IMG0003207.jpg,Sain,373,454
IMG0003208.jpg,Sain,373,454
IMG0003209.jpg,Sain,373,454
IMG0003210.jpg,Sain,454,373
IMG0003211.jpg,Sain,373,454
IMG0003212.jpg,Sain,373,454
IMG0003215.jpg,Sain,373,454
IMG0003216.jpg,Sain,454,373
IMG0003221.jpg,Sain,373,454
IMG0003222.jpg,Sain,373,454
IMG0003223.jpg,Sain,454,373
IMG0003224.jpg,Sain,373,454
IMG0003225.jpg,Sain,454,373
IMG0003226.jpg,Sain,373,454
IMG0003227.jpg,Sain,454,373
IMG0003228_droite.jpg,Sain,373,373
IMG0003228_gauche.jpg,Sain,373,373
IMG0003229.jpg,Sain,454,373
IMG0003230.jpg,Sain,454,373
IMG0003231.jpg,Sain,373,454
IMG0003232.jpg,Sain,373,454
IMG0003235.jpg,Sain,373,454
IMG0003236.jpg,Sain,373,454
IMG0003237.jpg,Sain,373,454
IMG0003238.jpg,Sain,373,454
IMG0003239.jpg,Sain,454,373
IMG0003240.jpg,Sain,373,454
IMG0003241.jpg,Sain,373,454
IMG0003242.jpg,Sain,373,454
IMG0003243.jpg,Sain,454,373
IMG0003244.jpg,Sain,373,454
IMG0003245.jpg,Sain,373,454
IMG0003246.jpg,Sain,373,454
IMG0003247.jpg,Sain,373,454
IMG0003248.jpg,Sain,373,454
IMG0003249.jpg,Sain,454,373
IMG0003250.jpg,Sain,373,454
IMG0003251_droite.jpg,Sain,373,373
IMG0003251_gauche.jpg,Sain,373,373
IMG0003252.jpg,Sain,454,373
IMG0003253.jpg,Sain,454,373
IMG0003256_droite.jpg,Sain,373,373
IMG0003256_gauche.jpg,Sain,373,373
IMG0003257_droite.jpg,Sain,373,373
IMG0003257_gauche.jpg,Sain,373,373
IMG0003258.jpg,Sain,373,454
IMG0003259.jpg,Sain,373,454
IMG0003260.jpg,Sain,373,454
IMG0003261_droite.jpg,Sain,454,454
IMG0003261_gauche.jpg,Sain,454,454
IMG0003262.jpg,Sain,373,454
IMG0003263.jpg,Sain,454,373
IMG0003268.jpg,Sain,373,454
IMG0003269.jpg,Sain,454,373
IMG0003270.jpg,Sain,373,454
IMG0003271.jpg,Sain,373,454
IMG0003272.jpg,Sain,373,454
IMG0003273.jpg,Sain,373,454
IMG0003274.jpg,Sain,373,454
IMG0003275.jpg,Sain,373,454
IMG0003276.jpg,Sain,373,454
IMG0003277.jpg,Sain,373,454
IMG0003278.jpg,Sain,373,454
IMG0003281.jpg,Sain,373,454
IMG0003282.jpg,Sain,373,454
IMG0003283.jpg,Sain,373,454
IMG0003284.jpg,Sain,454,373
IMG0003285.jpg,Sain,373,454
IMG0003286.jpg,Sain,373,454
IMG0003289.jpg,Sain,373,454
IMG0003290.jpg,Sain,454,373
IMG0003292.jpg,Sain,373,454
IMG0003295.jpg,Sain,373,454
IMG0003296.jpg,Sain,373,454
IMG0003299.jpg,Sain,373,454
IMG0003300.jpg,Sain,373,454
IMG0003302.jpg,Sain,454,373
IMG0003303.jpg,Sain,373,454
IMG0003304.jpg,Sain,373,454
IMG0003305.jpg,Sain,373,454
IMG0003306.jpg,Sain,373,454
IMG0003307.jpg,Sain,373,454
IMG0003314.jpg,Sain,373,454
IMG0003315.jpg,Sain,373,454
IMG0003316.jpg,Sain,373,454
IMG0003317.jpg,Sain,373,454
IMG0003318.jpg,Sain,373,454
IMG0003319.jpg,Sain,454,373
IMG0003320.jpg,Sain,373,454
IMG0003321.jpg,Sain,454,373
IMG0003322.jpg,Sain,373,454
IMG0003323.jpg,Sain,373,454
IMG0003324.jpg,Sain,373,454
IMG0003325.jpg,Sain,373,454
IMG0003326.jpg,Sain,454,373
IMG0003327.jpg,Sain,373,454
IMG0003328.jpg,Sain,373,454
IMG0003329.jpg,Sain,373,454
IMG0003330.jpg,Sain,373,454
IMG0003333.jpg,Sain,454,373
IMG0003334.jpg,Sain,454,373
IMG0003335.jpg,Sain,373,454
IMG0003336.jpg,Sain,373,454
IMG0003337.jpg,Sain,373,454
IMG0003340.jpg,Sain,454,373
IMG0003343_droite.jpg,Sain,373,373
IMG0003343_gauche.jpg,Sain,373,373
IMG0003344.jpg,Sain,373,454
IMG0003345.jpg,Sain,454,373
IMG0003346.jpg,Sain,373,454
IMG0003347.jpg,Sain,373,454
IMG0003348.jpg,Sain,373,454
IMG0003349.jpg,Sain,373,454
IMG0003350.jpg,Sain,373,454
IMG0003351.jpg,Sain,373,454
IMG0003352.jpg,Sain,373,454
IMG0003353.jpg,Sain,373,454
IMG0003354.jpg,Sain,373,454
IMG0003355.jpg,Sain,454,373
IMG0003356.jpg,Sain,373,454
IMG0003357.jpg,Sain,454,373
IMG0003358.jpg,Sain,373,454
IMG0003359.jpg,Sain,373,454
IMG0003360.jpg,Sain,373,454
IMG0003361.jpg,Sain,454,373
IMG0003362.jpg,Sain,373,454
IMG0003363.jpg,Sain,373,454
IMG0003364.jpg,Sain,373,454
IMG0003365.jpg,Sain,373,454
IMG0003366.jpg,Sain,373,454
IMG0003367.jpg,Sain,373,454
IMG0003368.jpg,Sain,373,454
IMG0003369.jpg,Sain,373,454
IMG0003370.jpg,Sain,454,373
IMG0003371.jpg,Sain,373,454
IMG0003372.jpg,Sain,373,454
IMG0003375.jpg,Sain,373,454
IMG0003376.jpg,Sain,373,454
IMG0003377.jpg,Sain,373,454
IMG0003378.jpg,Sain,373,454
IMG0003379.jpg,Sain,373,454
IMG0003380.jpg,Sain,373,454
IMG0003384.jpg,Sain,373,454
IMG0003385.jpg,Sain,454,373
IMG0003386.jpg,Sain,373,454
IMG0003387.jpg,Sain,454,373
IMG0003388.jpg,Sain,373,454
IMG0003389.jpg,Sain,373,454
IMG0003390.jpg,Sain,373,454
IMG0003391.jpg,Sain,373,454
IMG0003392.jpg,Sain,373,454
IMG0003393.jpg,Sain,373,454
IMG0003400.jpg,Sain,373,454
IMG0003401.jpg,Sain,373,454
IMG0003402.jpg,Sain,454,373
IMG0003403.jpg,Sain,454,373
IMG0003404.jpg,Sain,373,454
IMG0003405.jpg,Sain,454,373
IMG0003406.jpg,Sain,373,454
IMG0003407.jpg,Sain,373,454
IMG0003408.jpg,Sain,373,454
IMG0003409.jpg,Sain,373,454
IMG0003410.jpg,Sain,373,454
IMG0003411.jpg,Sain,454,373
IMG0003412.jpg,Sain,373,454
IMG0003413.jpg,Sain,373,454
IMG0003414.jpg,Sain,373,454
IMG0003415.jpg,Sain,373,454
IMG0003416.jpg,Sain,373,454
IMG0003417.jpg,Sain,373,454
IMG0003418.jpg,Sain,454,373
IMG0003421.jpg,Sain,373,454
IMG0003422.jpg,Sain,373,454
IMG0003423.jpg,Sain,373,454
IMG0003424.jpg,Sain,373,454
IMG0003425.jpg,Sain,373,454
IMG0003426.jpg,Sain,373,454
IMG0003427.jpg,Sain,373,454
IMG0003428.jpg,Sain,373,454
IMG0003429.jpg,Sain,373,454
IMG0003430.jpg,Sain,454,373
IMG0003433.jpg,Sain,454,373
IMG0003434.jpg,Sain,454,373
IMG0003435.jpg,Sain,373,454
IMG0003436.jpg,Sain,373,454
IMG0003437.jpg,Sain,373,454
IMG0003438.jpg,Sain,373,454
IMG0003439_droite.jpg,Sain,373,373
IMG0003439_gauche.jpg,Sain,373,373
IMG0003440_droite.jpg,Sain,373,373
IMG0003440_gauche.jpg,Sain,373,373
IMG0003441.jpg,Sain,373,454
IMG0003442.jpg,Sain,454,373
IMG0003443_droite.jpg,Sain,373,373
IMG0003443_gauche.jpg,Sain,373,373
IMG0003444.jpg,Sain,373,454
IMG0003445.jpg,Sain,373,454
IMG0003446.jpg,Sain,373,454
IMG0003447.jpg,Sain,373,454
IMG0003448.jpg,Sain,373,454
IMG0003449.jpg,Sain,373,454
IMG0003450.jpg,Sain,454,373
IMG0003451.jpg,Sain,373,454
IMG0003452.jpg,Sain,373,454
IMG0003453.jpg,Sain,373,454
IMG0003454.jpg,Sain,373,454
IMG0003455.jpg,Sain,373,454
IMG0003456.jpg,Sain,373,454
IMG0003457.jpg,Sain,373,454
IMG0003460.jpg,Sain,373,454
IMG0003461.jpg,Sain,454,373
IMG0003462.jpg,Sain,454,373
IMG0003463.jpg,Sain,373,454
IMG0003464.jpg,Sain,373,454
IMG0003465.jpg,Sain,454,373
IMG0003468.jpg,Sain,373,454
IMG0003469.jpg,Sain,373,454
IMG0003470.jpg,Sain,373,454
IMG0003471.jpg,Sain,454,373
IMG0003472.jpg,Sain,373,454
IMG0003473.jpg,Sain,454,373
IMG0003474.jpg,Sain,373,454
IMG0003475.jpg,Sain,454,373
IMG0003478.jpg,Sain,373,454
IMG0003479.jpg,Sain,373,454
IMG0003480.jpg,Sain,373,454
IMG0003481.jpg,Sain,373,454
IMG0003482.jpg,Sain,373,454
IMG0003483.jpg,Sain,373,454
IMG0003484.jpg,Sain,373,454
IMG0003485.jpg,Sain,373,454
IMG0003486.jpg,Sain,373,454
IMG0003487_droite.jpg,Sain,454,454
IMG0003487_gauche.jpg,Sain,454,454
IMG0003488.jpg,Sain,373,454
IMG0003489.jpg,Sain,373,454
IMG0003490.jpg,Sain,373,454
IMG0003491.jpg,Sain,373,454
IMG0003492.jpg,Sain,373,454
IMG0003493.jpg,Sain,373,454
IMG0003494.jpg,Sain,373,454
IMG0003495.jpg,Sain,373,454
IMG0003496.jpg,Sain,373,454
IMG0003497.jpg,Sain,373,454
IMG0003498.jpg,Sain,373,454
IMG0003499.jpg,Sain,373,454
IMG0003500.jpg,Sain,373,454
IMG0003501.jpg,Sain,373,454
IMG0003502.jpg,Sain,454,373
IMG0003503.jpg,Sain,373,454
IMG0003504.jpg,Sain,454,373
IMG0003505.jpg,Sain,373,454
IMG0003506.jpg,Sain,373,454
IMG0003507.jpg,Sain,373,454
IMG0003508.jpg,Sain,454,373
IMG0003511.jpg,Sain,373,454
IMG0003512.jpg,Sain,454,373
IMG0003513.jpg,Sain,373,454
IMG0003515.jpg,Sain,373,454
IMG0003516.jpg,Sain,373,454
IMG0003517.jpg,Sain,373,454
IMG0003518.jpg,Sain,373,454
IMG0003521.jpg,Sain,454,373
IMG0003522.jpg,Sain,454,373
IMG0003525.jpg,Sain,454,373
IMG0003526.jpg,Sain,373,454
IMG0003527.jpg,Sain,373,454
IMG0003528.jpg,Sain,373,454
IMG0003529.jpg,Sain,373,454
IMG0003530.jpg,Sain,454,373
IMG0003531.jpg,Sain,373,454
IMG0003532.jpg,Sain,373,454
IMG0003533.jpg,Sain,373,454
IMG0003534.jpg,Sain,454,373
IMG0003535.jpg,Sain,373,454
IMG0003536.jpg,Sain,373,454
IMG0003537.jpg,Sain,373,454
IMG0003538.jpg,Sain,373,454
IMG0003539.jpg,Sain,373,454
IMG0003540.jpg,Sain,454,373
IMG0003541.jpg,Sain,373,454
IMG0003542.jpg,Sain,373,454
IMG0003543.jpg,Sain,373,454
IMG0003544.jpg,Sain,373,454
IMG0003546.jpg,Sain,373,454
IMG0003547.jpg,Sain,373,454
IMG0003548.jpg,Sain,373,454
IMG0003549.jpg,Sain,373,454
IMG0003550.jpg,Sain,373,454
IMG0003551.jpg,Sain,373,454
IMG0003552.jpg,Sain,373,454
IMG0003553.jpg,Sain,373,454
IMG0003554.jpg,Sain,373,454
IMG0003555.jpg,Sain,373,454
IMG0003556.jpg,Sain,373,454
IMG0003557.jpg,Sain,373,454
IMG0003558.jpg,Sain,454,373
IMG0003559.jpg,Sain,373,454
IMG0003560.jpg,Sain,373,454
IMG0003561.jpg,Sain,373,454
IMG0003562.jpg,Sain,373,454
IMG0003563.jpg,Sain,373,454
IMG0003566.jpg,Sain,373,454
IMG0003567.jpg,Sain,373,454
IMG0003568.jpg,Sain,373,454
IMG0003570.jpg,Sain,373,454
IMG0003571.jpg,Sain,373,454
IMG0003572.jpg,Sain,373,454
IMG0003573.jpg,Sain,373,454
IMG0003574.jpg,Sain,373,454
IMG0003575.jpg,Sain,454,373
IMG0003576.jpg,Sain,373,454
IMG0003577.jpg,Sain,373,454
IMG0003578.jpg,Sain,373,454
IMG0003579.jpg,Sain,373,454
IMG0003580.jpg,Sain,373,454
IMG0003581.jpg,Sain,454,373
IMG0003582.jpg,Sain,373,454
IMG0003583.jpg,Sain,373,454
IMG0003584.jpg,Sain,373,454
IMG0003585.jpg,Sain,373,454
IMG0003590.jpg,Sain,373,454
IMG0003591_droite.jpg,Sain,373,373
IMG0003591_gauche.jpg,Sain,373,373
IMG0003592.jpg,Sain,373,454
IMG0003593.jpg,Sain,373,454
IMG0003594.jpg,Sain,373,454
IMG0003595.jpg,Sain,454,373
IMG0003596.jpg,Sain,454,373
IMG0003597.jpg,Sain,454,373
IMG0003598.jpg,Sain,373,454
IMG0003599.jpg,Sain,373,454
IMG0003600.jpg,Sain,373,454
IMG0003601_droite.jpg,Sain,373,373
IMG0003601_gauche.jpg,Sain,373,373
IMG0003602.jpg,Sain,454,373
IMG0003603.jpg,Sain,454,373
IMG0003604.jpg,Sain,373,454
IMG0003605.jpg,Sain,454,373
IMG0003606.jpg,Sain,373,454
IMG0003607.jpg,Sain,373,454
IMG0003608.jpg,Sain,373,454
IMG0003609.jpg,Sain,454,373
IMG0003610.jpg,Sain,373,454
IMG0003611.jpg,Sain,454,373
IMG0003612.jpg,Sain,373,454
IMG0003613.jpg,Sain,454,373
IMG0003614.jpg,Sain,373,454
IMG0003615.jpg,Sain,454,373
IMG0003616.jpg,Sain,373,454
IMG0003617.jpg,Sain,373,454
IMG0003618.jpg,Sain,373,454
IMG0003621.jpg,Sain,373,454
IMG0003622.jpg,Sain,373,454
IMG0003623.jpg,Sain,373,454
IMG0003624.jpg,Sain,454,373
IMG0003627.jpg,Sain,373,454
IMG0003629.jpg,Sain,373,454
IMG0003630.jpg,Sain,373,454
IMG0003631.jpg,Sain,373,454
IMG0003632.jpg,Sain,373,454
IMG0003633.jpg,Sain,373,454
IMG0003634.jpg,Sain,373,454
IMG0003635.jpg,Sain,373,454
IMG0003636.jpg,Sain,373,454
IMG0003637.jpg,Sain,454,373
IMG0003638.jpg,Sain,454,373
IMG0003639.jpg,Sain,373,454
IMG0003640.jpg,Sain,373,454
IMG0003641.jpg,Sain,454,373
IMG0003642.jpg,Sain,373,454
IMG0003643.jpg,Sain,373,454
IMG0003644.jpg,Sain,373,454
IMG0003645.jpg,Sain,373,454
IMG0003646.jpg,Sain,373,454
IMG0003647.jpg,Sain,454,373
IMG0003648.jpg,Sain,373,454
IMG0003649.jpg,Sain,454,373
IMG0003650.jpg,Sain,454,373
IMG0003651.jpg,Sain,373,454
IMG0003652.jpg,Sain,373,454
IMG0003655.jpg,Sain,373,454
IMG0003656.jpg,Sain,373,454
IMG0003657.jpg,Sain,373,454
IMG0003658.jpg,Sain,373,454
IMG0003659.jpg,Sain,373,454
IMG0003660.jpg,Sain,373,454
IMG0003661.jpg,Sain,454,373
IMG0003662.jpg,Sain,373,454
IMG0003663.jpg,Sain,373,454
IMG0003664.jpg,Sain,373,454
IMG0003665.jpg,Sain,373,454
IMG0003666.jpg,Sain,373,454
IMG0003667.jpg,Sain,454,373
IMG0003668.jpg,Sain,373,454
IMG0003669.jpg,Sain,373,454
IMG0003670.jpg,Sain,373,454
IMG0003672.jpg,Sain,373,454
IMG0003673.jpg,Sain,373,454
IMG0003674.jpg,Sain,373,454
IMG0003675.jpg,Sain,373,454
IMG0003676.jpg,Sain,373,454
IMG0003677.jpg,Sain,373,454
IMG0003678.jpg,Sain,373,454
IMG0003679.jpg,Sain,373,454
IMG0003680.jpg,Sain,373,454
IMG0003681.jpg,Sain,373,454
IMG0003682.jpg,Sain,373,454
IMG0003683.jpg,Sain,373,454
IMG0003684.jpg,Sain,373,454
IMG0003687.jpg,Sain,373,454
IMG0003688.jpg,Sain,454,373
IMG0003689.jpg,Sain,373,454
IMG0003690.jpg,Sain,373,454
IMG0003691.jpg,Sain,373,454
IMG0003692.jpg,Sain,454,373
IMG0003693.jpg,Sain,373,454
IMG0003694.jpg,Sain,373,454
IMG0003695.jpg,Sain,373,454
IMG0003696.jpg,Sain,373,454
IMG0003697.jpg,Sain,373,454
IMG0003698.jpg,Sain,454,373
IMG0003699.jpg,Sain,454,373
IMG0003700.jpg,Sain,454,373
IMG0003701.jpg,Sain,373,454
IMG0003702.jpg,Sain,373,454
IMG0003705.jpg,Sain,373,454
IMG0003706.jpg,Sain,373,454
IMG0003707.jpg,Sain,373,454
IMG0003708.jpg,Sain,373,454
IMG0003709.jpg,Sain,373,454
IMG0003710.jpg,Sain,373,454
IMG0003711.jpg,Sain,373,454
IMG0003714.jpg,Sain,373,454
IMG0003715.jpg,Sain,454,373
IMG0003716_droite.jpg,Sain,373,373
IMG0003716_gauche.jpg,Sain,373,373
IMG0003717.jpg,Sain,454,373
IMG0003718.jpg,Sain,454,373
IMG0003719.jpg,Sain,373,454
IMG0003720.jpg,Sain,454,373
IMG0003721_droite.jpg,Sain,373,373
IMG0003721_gauche.jpg,Sain,373,373
IMG0003722.jpg,Sain,373,454
IMG0003723.jpg,Sain,454,373
IMG0003724.jpg,Sain,373,454
IMG0003725.jpg,Sain,373,454
IMG0003726.jpg,Sain,373,454
IMG0003727.jpg,Sain,373,454
IMG0003728_droite.jpg,Sain,373,373
IMG0003728_gauche.jpg,Sain,373,373
IMG0003729.jpg,Sain,373,454
IMG0003730.jpg,Sain,454,373
IMG0003731.jpg,Sain,373,454
IMG0003732.jpg,Sain,373,454
IMG0003735.jpg,Sain,373,454
IMG0003736.jpg,Sain,373,454
IMG0003737_droite.jpg,Sain,373,373
IMG0003737_gauche.jpg,Sain,373,373
IMG0003738.jpg,Sain,373,454
IMG0003739.jpg,Sain,373,454
IMG0003740.jpg,Sain,373,454
IMG0003741.jpg,Sain,373,454
IMG0003742.jpg,Sain,373,454
IMG0003743.jpg,Sain,373,454
IMG0003744.jpg,Sain,373,454
IMG0003745.jpg,Sain,373,454
IMG0003746.jpg,Sain,373,454
IMG0003747.jpg,Sain,373,454
IMG0003749.jpg,Sain,373,454
IMG0003750.jpg,Sain,373,454
IMG0003751.jpg,Sain,373,454
IMG0003752.jpg,Sain,454,373
IMG0003753.jpg,Sain,373,454
IMG0003754.jpg,Sain,373,454
IMG0003755.jpg,Sain,373,454
IMG0003756.jpg,Sain,373,454
IMG0003757_droite.jpg,Sain,373,373
IMG0003757_gauche.jpg,Sain,373,373
IMG0003758.jpg,Sain,373,454
IMG0003759_droite.jpg,Sain,373,373
IMG0003759_gauche.jpg,Sain,373,373
IMG0003760.jpg,Sain,373,454
IMG0003761.jpg,Sain,373,454
IMG0003763.jpg,Sain,373,454
IMG0003764.jpg,Sain,373,454
IMG0003765.jpg,Sain,373,454
IMG0003768.jpg,Sain,373,454
IMG0003769.jpg,Sain,454,373
IMG0003772.jpg,Sain,373,454
IMG0003773.jpg,Sain,454,373
IMG0003775.jpg,Sain,373,454
IMG0003776.jpg,Sain,454,373
IMG0003777.jpg,Sain,373,454
IMG0003778.jpg,Sain,373,454
IMG0003779.jpg,Sain,373,454
IMG0003780.jpg,Sain,454,373
IMG0003781.jpg,Sain,373,454
IMG0003782.jpg,Sain,454,373
IMG0003783.jpg,Sain,373,454
IMG0003784.jpg,Sain,454,373
IMG0003787.jpg,Sain,373,454
IMG0003788.jpg,Sain,454,373
IMG0003789.jpg,Sain,373,454
IMG0003790.jpg,Sain,373,454
IMG0003791.jpg,Sain,373,454
IMG0003792.jpg,Sain,373,454
IMG0003793.jpg,Sain,454,373
IMG0003794.jpg,Sain,373,454
IMG0003795.jpg,Sain,454,373
IMG0003796.jpg,Sain,373,454
IMG0003799.jpg,Sain,373,454
IMG0003800.jpg,Sain,373,454
IMG0003801.jpg,Sain,373,454
IMG0003802.jpg,Sain,373,454
IMG0003804.jpg,Sain,373,454
IMG0003805.jpg,Sain,373,454
IMG0003806.jpg,Sain,373,454
IMG0003807.jpg,Sain,373,454
IMG0003808.jpg,Sain,373,454
IMG0003809.jpg,Sain,373,454
IMG0003811.jpg,Sain,454,373
IMG0003814.jpg,Sain,373,454
IMG0003815.jpg,Sain,454,373
IMG0003816.jpg,Sain,373,454
IMG0003817.jpg,Sain,373,454
IMG0003818.jpg,Sain,373,454
IMG0003822.jpg,Sain,373,454
IMG0003823.jpg,Sain,373,454
IMG0003824.jpg,Sain,373,454
IMG0003825.jpg,Sain,373,454
IMG0003826.jpg,Sain,373,454
IMG0003827.jpg,Sain,373,454
IMG0003828.jpg,Sain,373,454
IMG0003829.jpg,Sain,373,454
IMG0003831.jpg,Sain,373,454
IMG0003832.jpg,Sain,454,373
IMG0003834.jpg,Sain,373,454
IMG0003835.jpg,Sain,373,454
IMG0003836.jpg,Sain,373,454
IMG0003837.jpg,Sain,373,454
IMG0003838.jpg,Sain,373,454
IMG0003839.jpg,Sain,373,454
IMG0003841.jpg,Sain,373,454
IMG0003842.jpg,Sain,373,454
IMG0003845.jpg,Sain,373,454
IMG0003846.jpg,Sain,454,373
IMG0003849.jpg,Sain,373,454
IMG0003853.jpg,Sain,373,454
IMG0003854.jpg,Sain,373,454
IMG0003855.jpg,Sain,373,454
IMG0003856.jpg,Sain,373,454
IMG0003857.jpg,Sain,373,454
IMG0003858.jpg,Sain,373,454
IMG0003859.jpg,Sain,373,454
IMG0003860.jpg,Sain,454,373
IMG0003863.jpg,Sain,373,454
IMG0003864.jpg,Sain,373,454
IMG0003865.jpg,Sain,373,454
IMG0003866.jpg,Sain,373,454
IMG0003867.jpg,Sain,373,454
IMG0003868.jpg,Sain,373,454
IMG0003872.jpg,Sain,373,454
IMG0003873.jpg,Sain,373,454
IMG0003876.jpg,Sain,373,454
IMG0003878.jpg,Sain,373,454
IMG0003879.jpg,Sain,373,454
IMG0003880.jpg,Sain,373,454
IMG0003881.jpg,Sain,373,454
IMG0003884.jpg,Sain,373,454
IMG0003888.jpg,Sain,373,454
IMG0003889.jpg,Sain,373,454
IMG0003891.jpg,Sain,454,373
IMG0003895.jpg,Sain,373,454
IMG0003899.jpg,Sain,373,454
IMG0003900.jpg,Sain,373,454
IMG0003903.jpg,Sain,373,454
IMG0003904.jpg,Sain,373,454
IMG0003911.jpg,Sain,373,454
IMG0003912.jpg,Sain,373,454
IMG0003913.jpg,Sain,454,373
IMG0003914.jpg,Sain,373,454
IMG0003915.jpg,Sain,454,373
IMG0003916.jpg,Sain,373,454
IMG0003917.jpg,Sain,373,454
IMG0003918.jpg,Sain,454,373
IMG0003919.jpg,Sain,454,373
IMG0003922.jpg,Sain,373,454
IMG0003923.jpg,Sain,373,454
IMG0003928.jpg,Sain,373,454
IMG0003929.jpg,Sain,373,454
IMG0003930.jpg,Sain,373,454
IMG0003931.jpg,Sain,454,373
IMG0003934.jpg,Sain,373,454
IMG0003937.jpg,Sain,373,454
IMG0003940.jpg,Sain,373,454
IMG0003941.jpg,Sain,373,454
IMG0003944.jpg,Sain,373,454
IMG0003945.jpg,Sain,373,454
IMG0003946.jpg,Sain,373,454
IMG0003947.jpg,Sain,373,454
IMG0003948.jpg,Sain,373,454
IMG0003949.jpg,Sain,373,454
IMG0003950.jpg,Sain,373,454
IMG0003951.jpg,Sain,373,454
IMG0003958.jpg,Sain,373,454
IMG0003959.jpg,Sain,373,454
IMG0003960.jpg,Sain,373,454
IMG0003961.jpg,Sain,454,373
IMG0003964.jpg,Sain,373,454
IMG0003969.jpg,Sain,373,454
IMG0003970.jpg,Sain,373,454
IMG0003971.jpg,Sain,373,454
IMG0003972.jpg,Sain,373,454
IMG0003976.jpg,Sain,373,454
IMG0003977.jpg,Sain,373,454
IMG0003980.jpg,Sain,373,454
IMG0003981.jpg,Sain,373,454
IMG0003982.jpg,Sain,373,454
IMG0003983.jpg,Sain,373,454
IMG0003984.jpg,Sain,454,373
IMG0003985.jpg,Sain,454,373
IMG0003986.jpg,Sain,373,454
IMG0003987.jpg,Sain,373,454
IMG0003988.jpg,Sain,373,454
IMG0003991.jpg,Sain,373,454
IMG0003992.jpg,Sain,373,454
IMG0003993.jpg,Sain,373,454
IMG0003998.jpg,Sain,373,454
IMG0003999.jpg,Sain,373,454
IMG0004002.jpg,Sain,454,373
IMG0004003.jpg,Sain,454,373
IMG0004004.jpg,Sain,454,373
IMG0004011.jpg,Sain,373,454
IMG0004012.jpg,Sain,454,373
IMG0004016.jpg,Sain,454,373
IMG0004017.jpg,Sain,373,454
IMG0004018.jpg,Sain,373,454
IMG0004019.jpg,Sain,373,454
IMG0004020.jpg,Sain,373,454
IMG0004021.jpg,Sain,373,454
IMG0004022.jpg,Sain,373,454
IMG0004027.jpg,Sain,373,454
IMG0004028.jpg,Sain,373,454
IMG0004029.jpg,Sain,373,454
IMG0004036.jpg,Sain,373,454
IMG0004059.jpg,Sain,454,373
IMG0004060.jpg,Sain,373,454
IMG0004062.jpg,Sain,373,454
IMG0004065.jpg,Sain,454,373
IMG0004070.jpg,Sain,373,454
IMG0004073.jpg,Sain,373,454
IMG0004075.jpg,Sain,373,454
IMG0004076.jpg,Sain,373,454
IMG0004079.jpg,Sain,373,454
IMG0004081.jpg,Sain,373,454
IMG0004084.jpg,Sain,373,454
IMG0004087.jpg,Sain,373,454
IMG0004092.jpg,Sain,454,373
IMG0004094.jpg,Sain,454,373
IMG0004096.jpg,Sain,373,454
IMG0004097.jpg,Sain,454,373
IMG0004098.jpg,Sain,373,454
IMG0004100.jpg,Sain,373,454
IMG0004105.jpg,Sain,373,454
IMG0004106.jpg,Sain,373,454
IMG0004107.jpg,Sain,373,454
IMG0004108.jpg,Sain,373,454
IMG0004109.jpg,Sain,373,454
IMG0004112.jpg,Sain,373,454
IMG0004118.jpg,Sain,454,373
IMG0004119.jpg,Sain,373,454
IMG0004120.jpg,Sain,373,454
IMG0004121.jpg,Sain,373,454
IMG0004122.jpg,Sain,373,454
IMG0004123.jpg,Sain,373,454
IMG0004129.jpg,Sain,373,454
IMG0004130.jpg,Sain,373,454
IMG0004134.jpg,Sain,373,454
IMG0004138.jpg,Sain,373,454
IMG0004142.jpg,Sain,373,454
IMG0004143.jpg,Sain,373,454
IMG0004145.jpg,Sain,373,454
IMG0004146.jpg,Sain,373,454
IMG0004148.jpg,Sain,373,454
IMG0004149.jpg,Sain,373,454
IMG0004154.jpg,Sain,373,454
IMG0004155.jpg,Sain,373,454
IMG0004159.jpg,Sain,373,454
IMG0004160.jpg,Sain,373,454
IMG0004161.jpg,Sain,454,373
IMG0004164.jpg,Sain,373,454
IMG0004167.jpg,Sain,373,454
IMG0004168.jpg,Sain,373,454
IMG0004169.jpg,Sain,373,454
IMG0004170.jpg,Sain,373,454
IMG0004172.jpg,Sain,454,373
IMG0004173.jpg,Sain,373,454
IMG0004174.jpg,Sain,373,454
IMG0004176.jpg,Sain,454,373
IMG0004177.jpg,Sain,373,454
IMG0004178.jpg,Sain,373,454
IMG0004179.jpg,Sain,373,454
IMG0004182.jpg,Sain,373,454
IMG0004185.jpg,Sain,373,454
IMG0004188.jpg,Sain,454,373
IMG0004189.jpg,Sain,373,454
IMG0004193.jpg,Sain,373,454
IMG0004194.jpg,Sain,373,454
IMG0004195.jpg,Sain,454,373
IMG0004201.jpg,Sain,454,373
IMG0004214.jpg,Sain,373,454
IMG0004223.jpg,Sain,373,454
IMG0004225.jpg,Sain,454,373
IMG0004226.jpg,Sain,373,454
IMG0004227.jpg,Sain,373,454
IMG0004228.jpg,Sain,373,454
IMG0004236.jpg,Sain,373,454
IMG0004241.jpg,Sain,373,454
IMG0004243.jpg,Sain,373,454
IMG0004244.jpg,Sain,373,454
IMG0004245.jpg,Sain,454,373
IMG0004251.jpg,Sain,373,454
IMG0004252.jpg,Sain,373,454
IMG0004255.jpg,Sain,373,454
IMG0004256.jpg,Sain,373,454
IMG0004258.jpg,Sain,373,454
IMG0004259.jpg,Sain,373,454
IMG0004260.jpg,Sain,373,454
IMG0004263.jpg,Sain,373,454
IMG0004264.jpg,Sain,454,373
IMG0004265.jpg,Sain,454,373
IMG0004270.jpg,Sain,454,373
IMG0004273.jpg,Sain,373,454
IMG0004274.jpg,Sain,373,454
IMG0004275.jpg,Sain,373,454
IMG0004277.jpg,Sain,373,454
IMG0004278.jpg,Sain,373,454
IMG0004279.jpg,Sain,373,454
IMG0004280.jpg,Sain,373,454
IMG0004284.jpg,Sain,373,454
IMG0004285.jpg,Sain,373,454
IMG0004286.jpg,Sain,373,454
IMG0004287.jpg,Sain,454,373
IMG0004288.jpg,Sain,373,454
IMG0004290.jpg,Sain,373,454
IMG0004291.jpg,Sain,373,454
IMG0004294.jpg,Sain,373,454
IMG0004295.jpg,Sain,373,454
IMG0004296.jpg,Sain,454,373
IMG0004297.jpg,Sain,373,454
IMG0004298.jpg,Sain,373,454
IMG0004299.jpg,Sain,373,454
IMG0004302.jpg,Sain,373,454
IMG0004304.jpg,Sain,373,454
IMG0004307.jpg,Sain,373,454
IMG0004308.jpg,Sain,373,454
IMG0004310.jpg,Sain,373,454
IMG0004314.jpg,Sain,454,373
IMG0004341.jpg,Sain,454,373
IMG0004346.jpg,Sain,373,454
IMG0004347.jpg,Sain,373,454
IMG0004371.jpg,Sain,373,454
IMG0004372.jpg,Sain,373,454
IMG0004383.jpg,Sain,373,454
IMG0004388.jpg,Sain,454,373
IMG0004389.jpg,Sain,454,373
IMG0000019.jpg,Fracturé,2304,2880
IMG0000025.jpg,Fracturé,2880,2304
IMG0000044.jpg,Fracturé,2304,2880
IMG0000057.jpg,Fracturé,2304,2880
IMG0000058.jpg,Fracturé,2304,2880
IMG0000059.jpg,Fracturé,2304,2880
IMG0000092.jpg,Fracturé,2304,2880
IMG0000100.jpg,Fracturé,2304,2880
IMG0000142.jpg,Fracturé,2304,2880
IMG0000143.jpg,Fracturé,2304,2880
IMG0000144.jpg,Fracturé,2304,2880
IMG0000151.jpg,Fracturé,2304,2880
IMG0000155.jpg,Fracturé,2304,2880
IMG0000156.jpg,Fracturé,2304,2880
IMG0000188.jpg,Fracturé,2304,2880
IMG0000189.jpg,Fracturé,2304,2880
IMG0000190.jpg,Fracturé,2304,2880
IMG0000206.jpg,Fracturé,2304,2880
IMG0000207.jpg,Fracturé,2304,2880
IMG0000261_droite.jpg,Fracturé,2140,2140
IMG0000261_gauche.jpg,Fracturé,2140,2140
IMG0000284_droite.jpg,Fracturé,373,373
IMG0000284_gauche.jpg,Fracturé,373,373
IMG0000307_droite.jpg,Fracturé,454,454
IMG0000307_gauche.jpg,Fracturé,454,454
IMG0000319.jpg,Fracturé,454,373
IMG0000351.jpg,Fracturé,454,373
IMG0000352.jpg,Fracturé,373,454
IMG0000443.jpg,Fracturé,373,454
IMG0000453.jpg,Fracturé,373,454
IMG0000454.jpg,Fracturé,373,454
IMG0000455.jpg,Fracturé,373,454
IMG0000456.jpg,Fracturé,373,454
IMG0000466.jpg,Fracturé,373,454
IMG0000467.jpg,Fracturé,373,454
IMG0000468.jpg,Fracturé,373,454
IMG0000470.jpg,Fracturé,373,454
IMG0000471.jpg,Fracturé,373,454
IMG0000472.jpg,Fracturé,454,373
IMG0000479.jpg,Fracturé,373,454
IMG0000480.jpg,Fracturé,373,454
IMG0000599.jpg,Fracturé,454,373
IMG0000600.jpg,Fracturé,373,454
IMG0000671.jpg,Fracturé,373,454
IMG0000692.jpg,Fracturé,373,454
IMG0000702.jpg,Fracturé,373,454
IMG0000750.jpg,Fracturé,373,454
IMG0000751.jpg,Fracturé,373,454
IMG0000758.jpg,Fracturé,373,454
IMG0000762.jpg,Fracturé,454,373
IMG0000763.jpg,Fracturé,454,373
IMG0000776.jpg,Fracturé,373,454
IMG0000777.jpg,Fracturé,373,454
IMG0000801.jpg,Fracturé,454,373
IMG0000804.jpg,Fracturé,454,373
IMG0000805.jpg,Fracturé,454,373
IMG0000822.jpg,Fracturé,373,454
IMG0000844.jpg,Fracturé,373,454
IMG0000845.jpg,Fracturé,373,454
IMG0000851.jpg,Fracturé,454,373
IMG0000852.jpg,Fracturé,454,373
IMG0001007.jpg,Fracturé,454,373
IMG0001008.jpg,Fracturé,454,373
IMG0001025.jpg,Fracturé,373,454
IMG0001026.jpg,Fracturé,373,454
IMG0001041.jpg,Fracturé,454,373
IMG0001073_droite.jpg,Fracturé,454,454
IMG0001073_gauche.jpg,Fracturé,454,454
IMG0001123_droite.jpg,Fracturé,454,454
IMG0001123_gauche.jpg,Fracturé,454,454
IMG0001147.jpg,Fracturé,373,454
IMG0001148.jpg,Fracturé,373,454
IMG0001151.jpg,Fracturé,454,373
IMG0001152.jpg,Fracturé,373,454
IMG0001191.jpg,Fracturé,373,454
IMG0001192.jpg,Fracturé,373,454
IMG0001198.jpg,Fracturé,454,373
IMG0001199.jpg,Fracturé,373,454
IMG0001200.jpg,Fracturé,373,454
IMG0001236_droite.jpg,Fracturé,454,454
IMG0001236_gauche.jpg,Fracturé,454,454
IMG0001350.jpg,Fracturé,373,454
IMG0001351.jpg,Fracturé,373,454
IMG0001360.jpg,Fracturé,373,454
IMG0001361.jpg,Fracturé,454,373
IMG0001362.jpg,Fracturé,373,454
IMG0001363.jpg,Fracturé,373,454
IMG0001364.jpg,Fracturé,373,454
IMG0001365.jpg,Fracturé,373,454
IMG0001366.jpg,Fracturé,373,454
IMG0001367.jpg,Fracturé,454,373
IMG0001380.jpg,Fracturé,373,454
IMG0001381.jpg,Fracturé,373,454
IMG0001382.jpg,Fracturé,373,454
IMG0001391.jpg,Fracturé,373,454
IMG0001392.jpg,Fracturé,454,373
IMG0001410.jpg,Fracturé,373,454
IMG0001411.jpg,Fracturé,373,454
IMG0001428.jpg,Fracturé,373,454
IMG0001440.jpg,Fracturé,373,454
IMG0001441.jpg,Fracturé,373,454
IMG0001494.jpg,Fracturé,373,454
IMG0001495.jpg,Fracturé,373,454
IMG0001546.jpg,Fracturé,454,373
IMG0001570.jpg,Fracturé,373,454
IMG0001571.jpg,Fracturé,373,454
IMG0001572.jpg,Fracturé,373,454
IMG0001577.jpg,Fracturé,373,454
IMG0001578.jpg,Fracturé,373,454
IMG0001639.jpg,Fracturé,373,454
IMG0001640.jpg,Fracturé,373,454
IMG0001710.jpg,Fracturé,373,454
IMG0001730.jpg,Fracturé,373,454
IMG0001731.jpg,Fracturé,373,454
IMG0001738.jpg,Fracturé,373,454
IMG0001739.jpg,Fracturé,373,454
IMG0001760.jpg,Fracturé,373,454
IMG0001762.jpg,Fracturé,373,454
IMG0001763.jpg,Fracturé,373,454
IMG0001774.jpg,Fracturé,373,454
IMG0001780.jpg,Fracturé,454,373
IMG0001781.jpg,Fracturé,373,454
IMG0001805.jpg,Fracturé,373,454
IMG0001867.jpg,Fracturé,373,454
IMG0001868.jpg,Fracturé,373,454
IMG0001869.jpg,Fracturé,373,454
IMG0001870.jpg,Fracturé,373,454
IMG0001916.jpg,Fracturé,373,454
IMG0001933.jpg,Fracturé,373,454
IMG0001934.jpg,Fracturé,373,454
IMG0001938.jpg,Fracturé,373,454
IMG0001939.jpg,Fracturé,373,454
IMG0001948.jpg,Fracturé,454,373
IMG0001964.jpg,Fracturé,373,454
IMG0001965.jpg,Fracturé,373,454
IMG0001970.jpg,Fracturé,373,454
IMG0001971.jpg,Fracturé,373,454
IMG0001980.jpg,Fracturé,373,454
IMG0001981.jpg,Fracturé,373,454
IMG0002020.jpg,Fracturé,373,454
IMG0002021.jpg,Fracturé,373,454
IMG0002036.jpg,Fracturé,373,454
IMG0002037.jpg,Fracturé,373,454
IMG0002085.jpg,Fracturé,373,454
IMG0002086.jpg,Fracturé,373,454
IMG0002105.jpg,Fracturé,373,454
IMG0002106.jpg,Fracturé,454,373
IMG0002122.jpg,Fracturé,373,454
IMG0002123.jpg,Fracturé,373,454
IMG0002126.jpg,Fracturé,373,454
IMG0002127.jpg,Fracturé,373,454
IMG0002148.jpg,Fracturé,373,454
IMG0002180.jpg,Fracturé,373,454
IMG0002181_droite.jpg,Fracturé,454,454
IMG0002181_gauche.jpg,Fracturé,454,454
IMG0002208_droite.jpg,Fracturé,454,454
IMG0002208_gauche.jpg,Fracturé,454,454
IMG0002225_droite.jpg,Fracturé,454,454
IMG0002225_gauche.jpg,Fracturé,454,454
IMG0002265_droite.jpg,Fracturé,373,373
IMG0002265_gauche.jpg,Fracturé,373,373
IMG0002272_droite.jpg,Fracturé,454,454
IMG0002272_gauche.jpg,Fracturé,454,454
IMG0002274_droite.jpg,Fracturé,454,454
IMG0002274_gauche.jpg,Fracturé,454,454
IMG0002287_droite.jpg,Fracturé,454,454
IMG0002287_gauche.jpg,Fracturé,454,454
IMG0002298_droite.jpg,Fracturé,2140,2140
IMG0002298_gauche.jpg,Fracturé,2140,2140
IMG0002299_droite.jpg,Fracturé,2140,2140
IMG0002299_gauche.jpg,Fracturé,2140,2140
IMG0002300_droite.jpg,Fracturé,2140,2140
IMG0002300_gauche.jpg,Fracturé,2140,2140
IMG0002301_droite.jpg,Fracturé,2140,2140
IMG0002301_gauche.jpg,Fracturé,2140,2140
IMG0002302.jpg,Fracturé,2304,2880
IMG0002303.jpg,Fracturé,2304,2880
IMG0002304.jpg,Fracturé,2304,2880
IMG0002305.jpg,Fracturé,2304,2880
IMG0002306.jpg,Fracturé,2304,2880
IMG0002307.jpg,Fracturé,2304,2880
IMG0002308.jpg,Fracturé,2304,2880
IMG0002309.jpg,Fracturé,2304,2880
IMG0002310.jpg,Fracturé,2880,2304
IMG0002311.jpg,Fracturé,2304,2880
IMG0002312.jpg,Fracturé,2304,2880
IMG0002313.jpg,Fracturé,2304,2880
IMG0002314.jpg,Fracturé,1727,2049
IMG0002315.jpg,Fracturé,2304,2880
IMG0002316.jpg,Fracturé,2304,2880
IMG0002317.jpg,Fracturé,2304,2880
IMG0002318.jpg,Fracturé,2304,2880
IMG0002319.jpg,Fracturé,2304,2880
IMG0002320.jpg,Fracturé,2304,2880
IMG0002321.jpg,Fracturé,2304,2880
IMG0002322.jpg,Fracturé,2304,2880
IMG0002323.jpg,Fracturé,2304,2880
IMG0002324.jpg,Fracturé,2304,2880
IMG0002325.jpg,Fracturé,2304,2880
IMG0002326.jpg,Fracturé,2304,2880
IMG0002327.jpg,Fracturé,2304,2880
IMG0002328.jpg,Fracturé,2304,2880
IMG0002329.jpg,Fracturé,2304,2880
IMG0002330.jpg,Fracturé,2304,2880
IMG0002331.jpg,Fracturé,2304,2880
IMG0002332.jpg,Fracturé,2304,2880
IMG0002333.jpg,Fracturé,2304,2880
IMG0002334.jpg,Fracturé,2304,2880
IMG0002335.jpg,Fracturé,2304,2880
IMG0002336.jpg,Fracturé,2304,2880
IMG0002337.jpg,Fracturé,2304,2880
IMG0002338.jpg,Fracturé,2304,2880
IMG0002339.jpg,Fracturé,2304,2880
IMG0002340.jpg,Fracturé,2304,2880
IMG0002341.jpg,Fracturé,2304,2880
IMG0002342.jpg,Fracturé,2304,2880
IMG0002343.jpg,Fracturé,2304,2880
IMG0002344.jpg,Fracturé,2304,2880
IMG0002345.jpg,Fracturé,2304,2880
IMG0002346.jpg,Fracturé,2304,2880
IMG0002347.jpg,Fracturé,2304,2880
IMG0002348.jpg,Fracturé,2304,2880
IMG0002349.jpg,Fracturé,2304,2880
IMG0002350.jpg,Fracturé,2304,2880
IMG0002351.jpg,Fracturé,2304,2880
IMG0002352.jpg,Fracturé,2304,2880
IMG0002353.jpg,Fracturé,2304,2880
IMG0002354.jpg,Fracturé,2304,2880
IMG0002355.jpg,Fracturé,2304,2880
IMG0002356.jpg,Fracturé,2304,2880
IMG0002357.jpg,Fracturé,2304,2880
IMG0002358.jpg,Fracturé,2304,2880
IMG0002359.jpg,Fracturé,2304,2880
IMG0002360.jpg,Fracturé,2304,2880
IMG0002361.jpg,Fracturé,2304,2880
IMG0002362.jpg,Fracturé,2304,2880
IMG0002363.jpg,Fracturé,2304,2880
IMG0002364.jpg,Fracturé,2880,2304
IMG0002365.jpg,Fracturé,2880,2304
IMG0002366.jpg,Fracturé,2304,2880
IMG0002367.jpg,Fracturé,2304,2880
IMG0002368.jpg,Fracturé,2304,2880
IMG0002369.jpg,Fracturé,2304,2880
IMG0002370.jpg,Fracturé,2304,2880
IMG0002371.jpg,Fracturé,2304,2880
IMG0002372.jpg,Fracturé,2304,2880
IMG0002373.jpg,Fracturé,2304,2880
IMG0002374.jpg,Fracturé,2304,2880
IMG0002375.jpg,Fracturé,2304,2880
IMG0002376.jpg,Fracturé,2304,2880
IMG0002377.jpg,Fracturé,2304,2880
IMG0002378_droite.jpg,Fracturé,2140,2140
IMG0002378_gauche.jpg,Fracturé,2140,2140
IMG0002379_droite.jpg,Fracturé,2140,2140
IMG0002379_gauche.jpg,Fracturé,2140,2140
IMG0002380_droite.jpg,Fracturé,454,454
IMG0002380_gauche.jpg,Fracturé,454,454
IMG0002381_droite.jpg,Fracturé,454,454
IMG0002381_gauche.jpg,Fracturé,454,454
IMG0002382_droite.jpg,Fracturé,454,454
IMG0002382_gauche.jpg,Fracturé,454,454
IMG0002383.jpg,Fracturé,373,454
IMG0002384.jpg,Fracturé,373,454
IMG0002385.jpg,Fracturé,373,454
IMG0002386.jpg,Fracturé,373,454
IMG0002387.jpg,Fracturé,296,454
IMG0002388_droite.jpg,Fracturé,373,373
IMG0002388_gauche.jpg,Fracturé,373,373
IMG0002389.jpg,Fracturé,373,454
IMG0002390.jpg,Fracturé,373,454
IMG0002391_droite.jpg,Fracturé,454,454
IMG0002391_gauche.jpg,Fracturé,454,454
IMG0002392_droite.jpg,Fracturé,454,454
IMG0002392_gauche.jpg,Fracturé,454,454
IMG0002393_droite.jpg,Fracturé,454,454
IMG0002393_gauche.jpg,Fracturé,454,454
IMG0002394_droite.jpg,Fracturé,454,454
IMG0002394_gauche.jpg,Fracturé,454,454
IMG0002395_droite.jpg,Fracturé,373,373
IMG0002395_gauche.jpg,Fracturé,373,373
IMG0002396.jpg,Fracturé,373,214
IMG0002397.jpg,Fracturé,373,454
IMG0002398_droite.jpg,Fracturé,373,373
IMG0002398_gauche.jpg,Fracturé,373,373
IMG0002399.jpg,Fracturé,373,454
IMG0002400.jpg,Fracturé,373,454
IMG0002401.jpg,Fracturé,373,454
IMG0002402_droite.jpg,Fracturé,454,454
IMG0002402_gauche.jpg,Fracturé,454,454
IMG0002403_droite.jpg,Fracturé,454,454
IMG0002403_gauche.jpg,Fracturé,454,454
IMG0002404_droite.jpg,Fracturé,454,454
IMG0002404_gauche.jpg,Fracturé,454,454
IMG0002405_droite.jpg,Fracturé,454,454
IMG0002405_gauche.jpg,Fracturé,454,454
IMG0002406.jpg,Fracturé,373,454
IMG0002407.jpg,Fracturé,454,373
IMG0002408.jpg,Fracturé,373,454
IMG0002409.jpg,Fracturé,373,454
IMG0002410_droite.jpg,Fracturé,454,454
IMG0002410_gauche.jpg,Fracturé,454,454
IMG0002411_droite.jpg,Fracturé,454,454
IMG0002411_gauche.jpg,Fracturé,454,454
IMG0002412_droite.jpg,Fracturé,454,454
IMG0002412_gauche.jpg,Fracturé,454,454
IMG0002413.jpg,Fracturé,454,373
IMG0002414.jpg,Fracturé,454,373
IMG0002415.jpg,Fracturé,373,454
IMG0002416.jpg,Fracturé,373,454
IMG0002417.jpg,Fracturé,373,454
IMG0002418.jpg,Fracturé,373,454
IMG0002419.jpg,Fracturé,373,454
IMG0002420.jpg,Fracturé,373,454
IMG0002421_droite.jpg,Fracturé,454,454
IMG0002421_gauche.jpg,Fracturé,454,454
IMG0002422_droite.jpg,Fracturé,454,454
IMG0002422_gauche.jpg,Fracturé,454,454
IMG0002423.jpg,Fracturé,373,454
IMG0002424.jpg,Fracturé,454,373
IMG0002425_droite.jpg,Fracturé,454,454
IMG0002425_gauche.jpg,Fracturé,454,454
IMG0002426.jpg,Fracturé,373,454
IMG0002427.jpg,Fracturé,454,373
IMG0002428.jpg,Fracturé,373,454
IMG0002429.jpg,Fracturé,373,454
IMG0002430.jpg,Fracturé,373,454
IMG0002431.jpg,Fracturé,373,454
IMG0002432_droite.jpg,Fracturé,454,454
IMG0002432_gauche.jpg,Fracturé,454,454
IMG0002433.jpg,Fracturé,373,454
IMG0002434.jpg,Fracturé,454,373
IMG0002435.jpg,Fracturé,373,454
IMG0002436.jpg,Fracturé,373,454
IMG0002437.jpg,Fracturé,373,454
IMG0002438.jpg,Fracturé,373,454
IMG0002439.jpg,Fracturé,373,454
IMG0002440.jpg,Fracturé,373,454
IMG0002441.jpg,Fracturé,373,454
IMG0002442.jpg,Fracturé,373,454
IMG0002443.jpg,Fracturé,373,454
IMG0002444.jpg,Fracturé,373,454
IMG0002445.jpg,Fracturé,454,373
IMG0002446.jpg,Fracturé,454,373
IMG0002447.jpg,Fracturé,373,454
IMG0002448.jpg,Fracturé,373,454
IMG0002449.jpg,Fracturé,373,454
IMG0002450.jpg,Fracturé,373,454
IMG0002451.jpg,Fracturé,373,454
IMG0002452.jpg,Fracturé,373,454
IMG0002453.jpg,Fracturé,373,454
IMG0002454.jpg,Fracturé,373,454
IMG0002455.jpg,Fracturé,373,454
IMG0002456.jpg,Fracturé,373,454
IMG0002457.jpg,Fracturé,373,454
IMG0002458.jpg,Fracturé,373,454
IMG0002459.jpg,Fracturé,373,454
IMG0002460.jpg,Fracturé,373,454
IMG0002461.jpg,Fracturé,373,454
IMG0002462.jpg,Fracturé,373,454
IMG0002463_droite.jpg,Fracturé,454,454
IMG0002463_gauche.jpg,Fracturé,454,454
IMG0002464_droite.jpg,Fracturé,373,373
IMG0002464_gauche.jpg,Fracturé,373,373
IMG0002465.jpg,Fracturé,373,454
IMG0002466.jpg,Fracturé,454,373
IMG0002467_droite.jpg,Fracturé,454,454
IMG0002467_gauche.jpg,Fracturé,454,454
IMG0002468.jpg,Fracturé,454,373
IMG0002469.jpg,Fracturé,454,373
IMG0002470.jpg,Fracturé,373,454
IMG0002471.jpg,Fracturé,373,454
IMG0002472.jpg,Fracturé,373,454
IMG0002473.jpg,Fracturé,373,454
IMG0002474.jpg,Fracturé,373,454
IMG0002475.jpg,Fracturé,373,454
IMG0002476.jpg,Fracturé,373,454
IMG0002477.jpg,Fracturé,373,454
IMG0002478.jpg,Fracturé,373,454
IMG0002479.jpg,Fracturé,373,454
IMG0002480.jpg,Fracturé,454,373
IMG0002481.jpg,Fracturé,373,454
IMG0002482.jpg,Fracturé,373,454
IMG0002483.jpg,Fracturé,373,454
IMG0002484.jpg,Fracturé,373,454
IMG0002485.jpg,Fracturé,373,454
IMG0002486.jpg,Fracturé,454,373
IMG0002487.jpg,Fracturé,454,373
IMG0002488.jpg,Fracturé,373,454
IMG0002489.jpg,Fracturé,373,454
IMG0002490.jpg,Fracturé,373,454
IMG0002491.jpg,Fracturé,454,373
IMG0002492.jpg,Fracturé,373,454
IMG0002493.jpg,Fracturé,373,454
IMG0002494.jpg,Fracturé,454,373
IMG0002495.jpg,Fracturé,373,454
IMG0002496.jpg,Fracturé,373,454
IMG0002497.jpg,Fracturé,373,454
IMG0002498.jpg,Fracturé,373,454
IMG0002499.jpg,Fracturé,454,373
IMG0002500.jpg,Fracturé,373,454
IMG0002501.jpg,Fracturé,373,454
IMG0002502.jpg,Fracturé,454,373
IMG0002503.jpg,Fracturé,373,454
IMG0002504.jpg,Fracturé,373,454
IMG0002505_droite.jpg,Fracturé,454,454
IMG0002505_gauche.jpg,Fracturé,454,454
IMG0002506.jpg,Fracturé,373,454
IMG0002507.jpg,Fracturé,373,454
IMG0002508_droite.jpg,Fracturé,454,454
IMG0002508_gauche.jpg,Fracturé,454,454
IMG0002509.jpg,Fracturé,454,373
IMG0002510.jpg,Fracturé,373,454
IMG0002511.jpg,Fracturé,373,454
IMG0002512.jpg,Fracturé,373,454
IMG0002513_droite.jpg,Fracturé,454,454
IMG0002513_gauche.jpg,Fracturé,454,454
IMG0002514.jpg,Fracturé,373,454
IMG0002515.jpg,Fracturé,373,454
IMG0002516.jpg,Fracturé,373,454
IMG0002517.jpg,Fracturé,454,373
IMG0002518.jpg,Fracturé,373,454
IMG0002519.jpg,Fracturé,373,454
IMG0002520.jpg,Fracturé,373,454
IMG0002521.jpg,Fracturé,373,454
IMG0002522.jpg,Fracturé,373,454
IMG0002523.jpg,Fracturé,373,454
IMG0002524.jpg,Fracturé,373,454
IMG0002525.jpg,Fracturé,373,454
IMG0002526.jpg,Fracturé,373,454
IMG0002527.jpg,Fracturé,373,454
IMG0002528.jpg,Fracturé,373,454
IMG0002529.jpg,Fracturé,454,373
IMG0002530.jpg,Fracturé,454,373
IMG0002531.jpg,Fracturé,373,454
IMG0002532.jpg,Fracturé,373,454
IMG0002533.jpg,Fracturé,373,454
IMG0002534.jpg,Fracturé,373,454
IMG0002535.jpg,Fracturé,373,454
IMG0002536.jpg,Fracturé,373,454
IMG0002537_droite.jpg,Fracturé,454,454
IMG0002537_gauche.jpg,Fracturé,454,454
IMG0002538.jpg,Fracturé,373,454
IMG0002539.jpg,Fracturé,373,454
IMG0002540.jpg,Fracturé,373,454
IMG0002541.jpg,Fracturé,373,454
IMG0002542.jpg,Fracturé,373,454
IMG0002543.jpg,Fracturé,373,454
IMG0002544.jpg,Fracturé,373,454
IMG0002545.jpg,Fracturé,373,454
IMG0002546.jpg,Fracturé,373,454
IMG0002547.jpg,Fracturé,373,454
IMG0002548.jpg,Fracturé,373,454
IMG0002549.jpg,Fracturé,454,373
IMG0002550.jpg,Fracturé,373,454
IMG0002551.jpg,Fracturé,454,373
IMG0002552.jpg,Fracturé,454,373
IMG0002553.jpg,Fracturé,454,373
IMG0002556.jpg,Fracturé,373,454
IMG0002557.jpg,Fracturé,373,454
IMG0002558.jpg,Fracturé,373,454
IMG0002559_droite.jpg,Fracturé,454,454
IMG0002559_gauche.jpg,Fracturé,454,454
IMG0002560_droite.jpg,Fracturé,454,454
IMG0002560_gauche.jpg,Fracturé,454,454
IMG0002561_droite.jpg,Fracturé,454,454
IMG0002561_gauche.jpg,Fracturé,454,454
IMG0002562_droite.jpg,Fracturé,454,454
IMG0002562_gauche.jpg,Fracturé,454,454
IMG0002563_droite.jpg,Fracturé,454,454
IMG0002563_gauche.jpg,Fracturé,454,454
IMG0002564_droite.jpg,Fracturé,454,454
IMG0002564_gauche.jpg,Fracturé,454,454
IMG0002565_droite.jpg,Fracturé,454,454
IMG0002565_gauche.jpg,Fracturé,454,454
IMG0002566_droite.jpg,Fracturé,373,373
IMG0002566_gauche.jpg,Fracturé,373,373
IMG0002567_droite.jpg,Fracturé,373,373
IMG0002567_gauche.jpg,Fracturé,373,373
IMG0002568_droite.jpg,Fracturé,454,454
IMG0002568_gauche.jpg,Fracturé,454,454
IMG0002569_droite.jpg,Fracturé,454,454
IMG0002569_gauche.jpg,Fracturé,454,454
IMG0002570_droite.jpg,Fracturé,454,454
IMG0002570_gauche.jpg,Fracturé,454,454
IMG0002571_droite.jpg,Fracturé,454,454
IMG0002571_gauche.jpg,Fracturé,454,454
IMG0002572_droite.jpg,Fracturé,454,454
IMG0002572_gauche.jpg,Fracturé,454,454
IMG0002573_droite.jpg,Fracturé,454,454
IMG0002573_gauche.jpg,Fracturé,454,454
IMG0002574_droite.jpg,Fracturé,454,454
IMG0002574_gauche.jpg,Fracturé,454,454
IMG0002575_droite.jpg,Fracturé,454,454
IMG0002575_gauche.jpg,Fracturé,454,454
IMG0002576_droite.jpg,Fracturé,454,454
IMG0002576_gauche.jpg,Fracturé,454,454
IMG0002577_droite.jpg,Fracturé,454,454
IMG0002577_gauche.jpg,Fracturé,454,454
IMG0002578_droite.jpg,Fracturé,454,454
IMG0002578_gauche.jpg,Fracturé,454,454
IMG0002579.jpg,Fracturé,373,454
IMG0002580.jpg,Fracturé,373,454
IMG0002581_droite.jpg,Fracturé,454,454
IMG0002581_gauche.jpg,Fracturé,454,454
IMG0002582.jpg,Fracturé,373,454
IMG0002583.jpg,Fracturé,373,454
IMG0002584.jpg,Fracturé,373,454
IMG0002585_droite.jpg,Fracturé,454,454
IMG0002585_gauche.jpg,Fracturé,454,454
IMG0002586_droite.jpg,Fracturé,454,454
IMG0002586_gauche.jpg,Fracturé,454,454
IMG0002587_droite.jpg,Fracturé,454,454
IMG0002587_gauche.jpg,Fracturé,454,454
IMG0002588.jpg,Fracturé,181,454
IMG0002589_droite.jpg,Fracturé,454,454
IMG0002589_gauche.jpg,Fracturé,454,454
IMG0002590_droite.jpg,Fracturé,373,373
IMG0002590_gauche.jpg,Fracturé,373,373
IMG0002591_droite.jpg,Fracturé,454,454
IMG0002591_gauche.jpg,Fracturé,454,454
IMG0002592_droite.jpg,Fracturé,454,454
IMG0002592_gauche.jpg,Fracturé,454,454
IMG0002593_droite.jpg,Fracturé,454,454
IMG0002593_gauche.jpg,Fracturé,454,454
IMG0002594.jpg,Fracturé,373,454
IMG0002595_droite.jpg,Fracturé,454,454
IMG0002595_gauche.jpg,Fracturé,454,454
IMG0002596.jpg,Fracturé,373,454
IMG0002597.jpg,Fracturé,373,454
IMG0002598_droite.jpg,Fracturé,454,454
IMG0002598_gauche.jpg,Fracturé,454,454
IMG0002599_droite.jpg,Fracturé,373,373
IMG0002599_gauche.jpg,Fracturé,373,373
IMG0002600.jpg,Fracturé,373,454
IMG0002601.jpg,Fracturé,373,454
IMG0002602.jpg,Fracturé,373,454
IMG0002603.jpg,Fracturé,373,454
IMG0002604.jpg,Fracturé,373,454
IMG0002605.jpg,Fracturé,454,373
IMG0002606.jpg,Fracturé,373,454
IMG0002607.jpg,Fracturé,373,454
IMG0002608.jpg,Fracturé,373,454
IMG0002609.jpg,Fracturé,373,454
IMG0002610.jpg,Fracturé,373,454
IMG0002611.jpg,Fracturé,373,454
IMG0002612.jpg,Fracturé,373,454
IMG0002613.jpg,Fracturé,373,454
IMG0002614.jpg,Fracturé,373,454
IMG0002615.jpg,Fracturé,373,454
IMG0002617.jpg,Fracturé,373,454
IMG0002619.jpg,Fracturé,373,454
IMG0002620.jpg,Fracturé,373,454
IMG0002621.jpg,Fracturé,373,454
IMG0002622.jpg,Fracturé,373,454
IMG0002627.jpg,Fracturé,373,454
IMG0002628.jpg,Fracturé,373,454
IMG0002646.jpg,Fracturé,454,373
IMG0002647.jpg,Fracturé,454,373
IMG0002650.jpg,Fracturé,373,454
IMG0002651.jpg,Fracturé,373,454
IMG0002652.jpg,Fracturé,373,454
IMG0002653.jpg,Fracturé,373,454
IMG0002664.jpg,Fracturé,373,454
IMG0002668.jpg,Fracturé,373,454
IMG0002701.jpg,Fracturé,454,373
IMG0002704.jpg,Fracturé,373,454
IMG0002705.jpg,Fracturé,373,454
IMG0002731.jpg,Fracturé,373,454
IMG0002732.jpg,Fracturé,373,454
IMG0002737.jpg,Fracturé,373,454
IMG0002738.jpg,Fracturé,373,454
IMG0002745.jpg,Fracturé,373,454
IMG0002746.jpg,Fracturé,373,454
IMG0002749.jpg,Fracturé,373,454
IMG0002750.jpg,Fracturé,373,454
IMG0002768.jpg,Fracturé,373,454
IMG0002790.jpg,Fracturé,373,454
IMG0002791.jpg,Fracturé,373,454
IMG0002809.jpg,Fracturé,373,454
IMG0002810.jpg,Fracturé,373,454
IMG0002831.jpg,Fracturé,373,454
IMG0002832.jpg,Fracturé,373,454
IMG0002833.jpg,Fracturé,373,454
IMG0002834.jpg,Fracturé,373,454
IMG0002840.jpg,Fracturé,373,454
IMG0002846.jpg,Fracturé,373,454
IMG0002847.jpg,Fracturé,373,454
IMG0002848.jpg,Fracturé,373,454
IMG0002849.jpg,Fracturé,373,454
IMG0002885.jpg,Fracturé,373,454
IMG0002886.jpg,Fracturé,373,454
IMG0002904.jpg,Fracturé,373,454
IMG0002905.jpg,Fracturé,454,373
IMG0002934.jpg,Fracturé,373,454
IMG0002935.jpg,Fracturé,373,454
IMG0002945.jpg,Fracturé,373,454
IMG0002946.jpg,Fracturé,373,454
IMG0002970.jpg,Fracturé,373,454
IMG0002971.jpg,Fracturé,454,373
IMG0002979.jpg,Fracturé,373,454
IMG0002980.jpg,Fracturé,373,454
IMG0002987.jpg,Fracturé,373,454
IMG0002998.jpg,Fracturé,373,454
IMG0002999.jpg,Fracturé,373,454
IMG0003000.jpg,Fracturé,373,454
IMG0003001.jpg,Fracturé,373,454
IMG0003020.jpg,Fracturé,373,454
IMG0003021.jpg,Fracturé,373,454
IMG0003034.jpg,Fracturé,454,373
IMG0003035.jpg,Fracturé,373,454
IMG0003070.jpg,Fracturé,373,454
IMG0003077.jpg,Fracturé,373,454
IMG0003093.jpg,Fracturé,373,454
IMG0003094.jpg,Fracturé,373,454
IMG0003101.jpg,Fracturé,373,454
IMG0003102.jpg,Fracturé,373,454
IMG0003111.jpg,Fracturé,373,454
IMG0003112.jpg,Fracturé,373,454
IMG0003121.jpg,Fracturé,373,454
IMG0003130.jpg,Fracturé,373,454
IMG0003131.jpg,Fracturé,373,454
IMG0003132.jpg,Fracturé,454,373
IMG0003146.jpg,Fracturé,373,454
IMG0003147.jpg,Fracturé,373,454
IMG0003157.jpg,Fracturé,373,454
IMG0003164.jpg,Fracturé,373,454
IMG0003165.jpg,Fracturé,373,454
IMG0003171.jpg,Fracturé,373,454
IMG0003172.jpg,Fracturé,373,454
IMG0003182.jpg,Fracturé,373,454
IMG0003183.jpg,Fracturé,373,454
IMG0003184_droite.jpg,Fracturé,373,373
IMG0003184_gauche.jpg,Fracturé,373,373
IMG0003199.jpg,Fracturé,454,373
IMG0003200.jpg,Fracturé,373,454
IMG0003201.jpg,Fracturé,373,454
IMG0003213.jpg,Fracturé,373,454
IMG0003214.jpg,Fracturé,454,373
IMG0003217.jpg,Fracturé,373,454
IMG0003218.jpg,Fracturé,373,454
IMG0003219.jpg,Fracturé,373,454
IMG0003220.jpg,Fracturé,373,454
IMG0003233.jpg,Fracturé,373,454
IMG0003234.jpg,Fracturé,373,454
IMG0003254.jpg,Fracturé,373,454
IMG0003255.jpg,Fracturé,373,454
IMG0003264.jpg,Fracturé,454,373
IMG0003265.jpg,Fracturé,373,454
IMG0003266.jpg,Fracturé,373,454
IMG0003267.jpg,Fracturé,373,454
IMG0003279.jpg,Fracturé,373,454
IMG0003280.jpg,Fracturé,373,454
IMG0003293.jpg,Fracturé,373,454
IMG0003294.jpg,Fracturé,373,454
IMG0003297.jpg,Fracturé,373,454
IMG0003298.jpg,Fracturé,373,454
IMG0003301.jpg,Fracturé,373,454
IMG0003308.jpg,Fracturé,373,454
IMG0003309.jpg,Fracturé,454,373
IMG0003310.jpg,Fracturé,373,454
IMG0003311.jpg,Fracturé,373,454
IMG0003312.jpg,Fracturé,373,454
IMG0003313.jpg,Fracturé,373,454
IMG0003331.jpg,Fracturé,373,454
IMG0003332.jpg,Fracturé,373,454
IMG0003338.jpg,Fracturé,373,454
IMG0003339.jpg,Fracturé,373,454
IMG0003341.jpg,Fracturé,454,373
IMG0003342.jpg,Fracturé,373,454
IMG0003373.jpg,Fracturé,373,454
IMG0003374.jpg,Fracturé,373,454
IMG0003381.jpg,Fracturé,373,454
IMG0003382.jpg,Fracturé,373,454
IMG0003383.jpg,Fracturé,373,454
IMG0003394.jpg,Fracturé,373,454
IMG0003395.jpg,Fracturé,373,454
IMG0003396.jpg,Fracturé,373,454
IMG0003397.jpg,Fracturé,373,454
IMG0003398.jpg,Fracturé,373,454
IMG0003399.jpg,Fracturé,373,454
IMG0003419.jpg,Fracturé,373,454
IMG0003420.jpg,Fracturé,454,373
IMG0003458.jpg,Fracturé,373,454
IMG0003459.jpg,Fracturé,373,454
IMG0003466.jpg,Fracturé,373,454
IMG0003467.jpg,Fracturé,373,454
IMG0003477.jpg,Fracturé,373,454
IMG0003509.jpg,Fracturé,373,454
IMG0003510.jpg,Fracturé,373,454
IMG0003519.jpg,Fracturé,373,454
IMG0003520.jpg,Fracturé,373,454
IMG0003523.jpg,Fracturé,373,454
IMG0003524.jpg,Fracturé,373,454
IMG0003545.jpg,Fracturé,373,454
IMG0003564.jpg,Fracturé,373,454
IMG0003565.jpg,Fracturé,373,454
IMG0003569.jpg,Fracturé,373,454
IMG0003586.jpg,Fracturé,373,454
IMG0003587.jpg,Fracturé,373,454
IMG0003588.jpg,Fracturé,373,454
IMG0003589.jpg,Fracturé,373,454
IMG0003619.jpg,Fracturé,373,454
IMG0003620.jpg,Fracturé,373,454
IMG0003625.jpg,Fracturé,373,454
IMG0003626.jpg,Fracturé,373,454
IMG0003628.jpg,Fracturé,454,373
IMG0003653.jpg,Fracturé,373,454
IMG0003654.jpg,Fracturé,373,454
IMG0003671.jpg,Fracturé,373,454
IMG0003685.jpg,Fracturé,373,454
IMG0003686.jpg,Fracturé,373,454
IMG0003703.jpg,Fracturé,373,454
IMG0003704.jpg,Fracturé,373,454
IMG0003712.jpg,Fracturé,373,454
IMG0003713.jpg,Fracturé,373,454
IMG0003733.jpg,Fracturé,373,454
IMG0003734.jpg,Fracturé,373,454
IMG0003766.jpg,Fracturé,373,454
IMG0003767.jpg,Fracturé,373,454
IMG0003770.jpg,Fracturé,373,454
IMG0003771.jpg,Fracturé,454,373
IMG0003774.jpg,Fracturé,373,454
IMG0003785.jpg,Fracturé,373,454
IMG0003786.jpg,Fracturé,373,454
IMG0003797.jpg,Fracturé,373,454
IMG0003798.jpg,Fracturé,373,454
IMG0003803.jpg,Fracturé,373,454
IMG0003810.jpg,Fracturé,454,373
IMG0003812.jpg,Fracturé,373,454
IMG0003813.jpg,Fracturé,373,454
IMG0003819.jpg,Fracturé,373,454
IMG0003820.jpg,Fracturé,373,454
IMG0003821.jpg,Fracturé,373,454
IMG0003843.jpg,Fracturé,373,454
IMG0003844.jpg,Fracturé,373,454
IMG0003847.jpg,Fracturé,373,454
IMG0003848.jpg,Fracturé,373,454
IMG0003851.jpg,Fracturé,373,454
IMG0003852.jpg,Fracturé,373,454
IMG0003870.jpg,Fracturé,373,454
IMG0003871.jpg,Fracturé,373,454
IMG0003892.jpg,Fracturé,373,454
IMG0003893.jpg,Fracturé,373,454
IMG0003905.jpg,Fracturé,373,454
IMG0003906.jpg,Fracturé,373,454
IMG0003924.jpg,Fracturé,373,454
IMG0003925.jpg,Fracturé,373,454
IMG0003926.jpg,Fracturé,373,454
IMG0003927.jpg,Fracturé,373,454
IMG0003932.jpg,Fracturé,373,454
IMG0003942.jpg,Fracturé,373,454
IMG0003943.jpg,Fracturé,373,454
IMG0003952.jpg,Fracturé,373,454
IMG0003953.jpg,Fracturé,373,454
IMG0003954.jpg,Fracturé,373,454
IMG0003955.jpg,Fracturé,373,454
IMG0004007.jpg,Fracturé,373,454
IMG0004008.jpg,Fracturé,373,454
IMG0004009.jpg,Fracturé,373,454
IMG0004010.jpg,Fracturé,373,454
IMG0004042.jpg,Fracturé,373,454
IMG0004043.jpg,Fracturé,373,454
IMG0004044.jpg,Fracturé,373,454
IMG0004045.jpg,Fracturé,373,454
IMG0004061.jpg,Fracturé,373,454
IMG0004067.jpg,Fracturé,373,454
IMG0004068.jpg,Fracturé,373,454
IMG0004071.jpg,Fracturé,454,373
IMG0004072.jpg,Fracturé,454,373
IMG0004113.jpg,Fracturé,373,454
IMG0004114.jpg,Fracturé,373,454
IMG0004116.jpg,Fracturé,373,454
IMG0004117.jpg,Fracturé,373,454
IMG0004150.jpg,Fracturé,373,454
IMG0004151.jpg,Fracturé,373,454
IMG0004187.jpg,Fracturé,373,454
IMG0004206.jpg,Fracturé,373,454
IMG0004207.jpg,Fracturé,373,454
IMG0004208.jpg,Fracturé,373,454
IMG0004209.jpg,Fracturé,373,454
IMG0004217.jpg,Fracturé,373,454
IMG0004232.jpg,Fracturé,373,454
IMG0004233.jpg,Fracturé,454,373
IMG0004262.jpg,Fracturé,373,454
IMG0004266.jpg,Fracturé,373,454
IMG0004267.jpg,Fracturé,373,454
IMG0004320.jpg,Fracturé,373,454
IMG0004333.jpg,Fracturé,373,454
IMG0004334.jpg,Fracturé,373,454
IMG0004337.jpg,Fracturé,373,454
IMG0004349.jpg,Fracturé,373,454
IMG0004356.jpg,Fracturé,454,373
IMG0004369.jpg,Fracturé,373,454
IMG0004370.jpg,Fracturé,454,373
IMG0004374.jpg,Fracturé,373,454
IMG0004375.jpg,Fracturé,373,454
IMG0004376.jpg,Fracturé,373,454
